learning evaluation instances,evaluation time (cpu seconds),model cost (RAM-Hours),classified instances,AUC,sAUC,Accuracy,Kappa,Periodical holdout AUC,Pos/Neg ratio,G-Mean,Recall,KappaM,model training instances,model serialized size (bytes),ensemble size,size of class 0,size of class 1,[avg] model training instances,[err] model training instances,[avg] model serialized size (bytes),[err] model serialized size (bytes),[avg] tree size (nodes),[err] tree size (nodes),[avg] tree size (leaves),[err] tree size (leaves),[avg] active learning leaves,[err] active learning leaves,[avg] tree depth,[err] tree depth,[avg] active leaf byte size estimate,[err] active leaf byte size estimate,[avg] inactive leaf byte size estimate,[err] inactive leaf byte size estimate,[avg] byte size estimate overhead,[err] byte size estimate overhead
1000.0,0.15625,1.8795253708958628E-8,1000.0,0.9913000248570718,0.920809671080064,0.979,0.9497593232341598,0.0,0.42450142450142453,0.9743552005047271,0.9630872483221476,0.9295302013422818,1000.0,464976.0,15.0,0.5717358919733744,0.42826410802662573,930.1999999999999,35.34159831457216,2944.0,0.0,1.0,0.0,1.0,0.0,1.0,0.0,0.0,0.0,0.0,0.0,0.0,0.0,1.0,0.0
2000.0,0.265625,3.195193130522967E-8,2000.0,0.999361909766534,0.9440153997754445,0.99,0.9764559632336322,0.9913000248570718,0.44508670520231214,0.9864258693871077,0.9772727272727273,0.9669966996699669,2000.0,464976.0,15.0,0.7591143891128146,0.2408856108871853,1876.2666666666669,50.362211835386965,2944.0,0.0,1.0,0.0,1.0,0.0,1.0,0.0,0.0,0.0,0.0,0.0,0.0,0.0,1.0,0.0
3000.0,0.390625,4.6988134272396564E-8,3000.0,0.999128854231414,0.9441008715941597,0.99,0.9764124240480054,0.999361909766534,0.4409221902017291,0.9872899683512701,0.9803921568627451,0.9671052631578947,3000.0,464976.0,15.0,0.7953952833671383,0.20460471663286176,2834.933333333333,62.93587061067632,2944.0,0.0,1.0,0.0,1.0,0.0,1.0,0.0,0.0,0.0,0.0,0.0,0.0,0.0,1.0,0.0
4000.0,0.546875,6.806060102664763E-8,4000.0,0.998580278781621,0.9193761646258417,0.99,0.9761909296965772,0.999128854231414,0.42450142450142453,0.9899806868131835,0.9899328859060402,0.9669421487603306,4000.0,521312.0,15.0,0.4928983010341188,0.5071016989658812,3784.0000000000005,60.20560011921059,6665.599999999999,1326.5472260184117,3.933333333333333,1.0327955589886442,2.466666666666667,0.5163977794943221,2.466666666666667,0.5163977794943221,1.4666666666666666,0.5163977794943222,0.0,0.0,0.0,0.0,1.0,0.0
5000.0,0.640625,8.144855706228151E-8,5000.0,0.9979483565128819,0.9365658684761965,0.989,0.9735286756637083,0.998580278781621,0.4144271570014144,0.9882217867807874,0.9863481228668942,0.9634065202927478,5000.0,552008.0,15.0,0.8080705247787225,0.1919294752212774,4735.333333333334,62.018046528717136,8696.533333333333,1741.8557372881974,5.133333333333334,1.1872336794093274,3.066666666666667,0.5936168397046637,3.066666666666667,0.5936168397046637,2.066666666666667,0.5936168397046637,0.0,0.0,0.0,0.0,1.0,0.0
6000.0,0.71875,9.287504427548913E-8,6000.0,0.9990254536720998,0.9494342329789296,0.991,0.979338084043491,0.9979483565128819,0.46412884333821375,0.9925569730471944,0.9968454258675079,0.9703296703296703,6000.0,565360.0,15.0,0.659106881913617,0.34089311808638306,5682.533333333334,79.43179164421208,9578.666666666666,1804.6838530678467,5.8,1.2649110640673518,3.4,0.6324555320336759,3.4,0.6324555320336759,2.4,0.6324555320336759,0.0,0.0,0.0,0.0,1.0,0.0
7000.0,0.8125,1.0708392235553929E-7,7000.0,0.9938485198000769,0.9543687236133822,0.992,0.9805731880855363,0.9990254536720998,0.40646976090014064,0.9912921005025357,0.9896193771626297,0.9734471313418681,7000.0,585856.0,15.0,0.6870537302134504,0.31294626978654966,6635.933333333333,82.0500428019969,10935.466666666665,2690.375594242417,6.6000000000000005,1.8822478962286406,3.8000000000000003,0.9411239481143203,3.8000000000000003,0.9411239481143203,2.8000000000000003,0.9411239481143203,0.0,0.0,0.0,0.0,1.0,0.0
8000.0,0.890625,1.1916864120091003E-7,8000.0,0.9996345714629162,0.9561088544250148,0.991,0.978298611111111,0.9938485198000769,0.41843971631205673,0.9876701102414016,0.9796610169491525,0.9700499168053245,8000.0,597928.0,15.0,0.7433286110327489,0.2566713889672509,7600.600000000001,89.85766522673507,11733.866666666667,3091.916785672572,7.133333333333334,2.199567056967175,4.066666666666666,1.0997835284835875,4.066666666666666,1.0997835284835875,3.0000000000000004,1.0,0.0,0.0,0.0,0.0,1.0,0.0
9000.0,1.0,1.370031127913131E-7,9000.0,0.9979512691397664,0.9525664383641377,0.988,0.9721953186184781,0.9996345714629162,0.4513788098693759,0.9895194187038338,0.9935691318327974,0.9602209944751381,9000.0,630296.0,15.0,0.534898099858315,0.46510190014168495,8557.533333333333,95.20269103839648,13870.4,3252.4729229135355,8.999999999999998,2.3904572186687876,5.0,1.1952286093343931,5.0,1.1952286093343931,3.066666666666667,1.0327955589886446,0.0,0.0,0.0,0.0,1.0,0.0
10000.0,1.125,1.57907424080703E-7,10000.0,0.99338199513382,0.9443496911821083,0.989,0.9744447542049995,0.9979512691397664,0.45985401459854014,0.9859351533040503,0.9777777777777777,0.9636963696369637,10000.0,646440.0,15.0,0.6808497968178061,0.3191502031821939,9520.733333333335,105.73380772126833,14939.200000000003,2890.7020205182976,9.533333333333331,2.0655911179772892,5.266666666666666,1.0327955589886446,5.266666666666666,1.0327955589886446,3.2,0.9411239481143201,0.0,0.0,0.0,0.0,1.0,0.0
11000.0,1.25,1.7949496395885946E-7,11000.0,0.99807871117099,0.947795923562981,0.989,0.973981739912011,0.99338199513382,0.4326647564469914,0.9883618484326765,0.9867549668874173,0.9636854741896759,11000.0,667568.0,15.0,0.8029278240716169,0.19707217592838303,10474.999999999998,99.46643367775609,16334.933333333332,2973.531797775325,10.599999999999998,2.164651077128664,5.799999999999999,1.082325538564332,5.799999999999999,1.082325538564332,3.533333333333333,0.833809387832792,0.0,0.0,0.0,0.0,1.0,0.0
12000.0,1.359375,1.9882275308999753E-7,12000.0,0.9996203991648782,0.9496446613161335,0.992,0.9804932287120166,0.99807871117099,0.40646976090014064,0.9892181522877631,0.9826989619377162,0.9734879867439934,12000.0,683072.0,15.0,0.723655040705825,0.2763449592941751,11430.333333333332,80.36671900612555,17360.533333333336,1891.1075313789256,11.266666666666666,1.2798809468443688,6.133333333333333,0.6399404734221844,6.133333333333333,0.6399404734221844,3.8666666666666663,0.35186577527449847,0.0,0.0,0.0,0.0,1.0,0.0
13000.0,1.453125,2.1571287005725837E-7,13000.0,0.9993905062383479,0.9552325353512454,0.991,0.976979506645249,0.9996203991648782,0.36239782016348776,0.989066657430402,0.9849624060150376,0.9698996655518395,13000.0,696408.0,15.0,0.927971893478657,0.07202810652134305,12379.733333333335,74.12389885153344,18241.6,1827.7285200097808,11.933333333333334,1.2798809468443688,6.466666666666667,0.6399404734221844,6.466666666666667,0.6399404734221844,4.0,0.0,0.0,0.0,0.0,0.0,1.0,0.0
14000.0,1.546875,2.3294660624944504E-7,14000.0,0.9985168650793651,0.9548373397837434,0.986,0.9655782848151062,0.9993905062383479,0.3888888888888889,0.9870013307914671,0.9892857142857143,0.952963762898968,14000.0,710576.0,15.0,0.7394154587797457,0.2605845412202544,13322.199999999997,83.75576739203466,19178.133333333335,3042.051137605928,12.6,2.164651077128664,6.8,1.082325538564332,6.8,1.082325538564332,4.266666666666667,0.4577377082170634,0.0,0.0,0.0,0.0,1.0,0.0
15000.0,1.640625,2.501287316489551E-7,15000.0,0.9991586408524519,0.9714930238597034,0.996,0.990599339133541,0.9985168650793651,0.443001443001443,0.9952980159004006,0.993485342019544,0.9865891819400984,15000.0,708448.0,15.0,0.6635868191167554,0.3364131808832448,14267.199999999999,90.49483016014915,19036.800000000003,2919.6975185796214,12.733333333333334,2.3744673588186544,6.866666666666667,1.1872336794093272,6.866666666666667,1.1872336794093272,4.333333333333334,0.6172133998483676,0.0,0.0,0.0,0.0,1.0,0.0
16000.0,1.75,2.704661003210479E-7,16000.0,0.9999311511527265,0.976007763997558,0.996,0.9901853015075377,0.9991586408524519,0.39664804469273746,0.9961444084216777,0.9964788732394366,0.9865489701555276,16000.0,718752.0,15.0,0.8042128098303472,0.1957871901696527,15212.533333333331,70.156831117012,19718.4,3653.2771354732217,13.000000000000002,2.6186146828319083,7.000000000000001,1.3093073414159542,7.000000000000001,1.3093073414159542,4.466666666666667,0.6399404734221844,0.0,0.0,0.0,0.0,1.0,0.0
17000.0,1.859375,2.9116949816751814E-7,17000.0,0.9985946012004644,0.9676129959781712,0.992,0.9812327282452131,0.9999311511527265,0.443001443001443,0.9915056786377006,0.990228013029316,0.9731490621915103,17000.0,731688.0,15.0,0.8720816095237417,0.12791839047625828,16171.933333333332,72.89568541677184,20573.86666666667,3909.163408247467,13.666666666666668,3.0860669992418384,7.333333333333334,1.5430334996209192,7.333333333333334,1.5430334996209192,4.7333333333333325,0.7988086367179803,0.0,0.0,0.0,0.0,1.0,0.0
18000.0,1.96875,3.123412413212161E-7,18000.0,0.9985693848354793,0.9592832548274114,0.988,0.971749949385326,0.9985946012004644,0.43061516452074394,0.9904510364835646,0.9966777408637874,0.9597465523667535,18000.0,748240.0,15.0,0.7535399238972896,0.24646007610271028,17112.06666666667,90.2761372256309,21666.666666666664,4176.448434233269,14.73333333333333,3.104528182847635,7.866666666666665,1.5522640914238175,7.866666666666665,1.5522640914238175,5.133333333333333,0.833809387832792,0.0,0.0,0.0,0.0,1.0,0.0
19000.0,2.0625,3.3101309478903813E-7,19000.0,0.9992457162374998,0.9688859912914682,0.993,0.9834429253985524,0.9985693848354793,0.4326647564469914,0.9931070430179314,0.9933774834437086,0.9765349329569513,19000.0,769872.0,15.0,0.9033777444328377,0.09662225556716236,18067.266666666666,90.27613722563098,23097.066666666662,4250.337658295376,15.533333333333333,2.972893411828826,8.266666666666666,1.486446705914413,8.266666666666666,1.486446705914413,5.466666666666666,0.7432233529572067,0.0,0.0,0.0,0.0,1.0,0.0
20000.0,2.140625,3.4660353170086946E-7,20000.0,0.9986386162856751,0.9647999862117268,0.988,0.9708619048544066,0.9992457162374998,0.4005602240896359,0.9894944830773482,0.993006993006993,0.9596909640577762,20000.0,771384.0,15.0,0.7370100665603821,0.26298993343961785,19008.600000000002,93.57411119382503,23197.333333333332,4358.408796578775,15.666666666666666,2.7945525240230875,8.333333333333334,1.3972762620115438,8.333333333333334,1.3972762620115438,5.533333333333332,0.6399404734221846,0.0,0.0,0.0,0.0,1.0,0.0
21000.0,2.234375,3.6551151424646386E-7,21000.0,0.9998153330397602,0.9647745435669381,0.99,0.9764565175422487,0.9986386162856751,0.4347202295552367,0.9909577886578986,0.9933993399339934,0.9664375898993127,21000.0,779608.0,15.0,0.6065014988059512,0.39349850119404883,19966.733333333334,97.17250247932947,23741.866666666665,4044.163587666741,15.8,2.908116719999879,8.4,1.4540583599999397,8.4,1.4540583599999397,5.533333333333332,0.6399404734221846,0.0,0.0,0.0,0.0,1.0,0.0
22000.0,2.328125,3.8455395648876833E-7,22000.0,0.9991373040752352,0.9660372722920663,0.99,0.9752014879107254,0.9998153330397602,0.3793103448275862,0.9930795016269967,1.0,0.9663196570728719,22000.0,785152.0,15.0,0.6741275173595128,0.3258724826404871,20910.466666666667,93.71527293324392,24108.266666666666,3607.461304943778,16.066666666666666,2.604026186687143,8.533333333333333,1.3020130933435716,8.533333333333333,1.3020130933435716,5.6,0.50709255283711,0.0,0.0,0.0,0.0,1.0,0.0
23000.0,2.421875,4.0389888454228647E-7,23000.0,0.9994825317503733,0.9732002568309513,0.994,0.985246748137402,0.9991373040752352,0.3947001394700139,0.993676752161026,0.9929328621908127,0.9797505502567865,23000.0,797624.0,15.0,0.5962558585749959,0.4037441414250042,21891.333333333336,102.02007272147623,24928.533333333333,3676.2446262974604,17.533333333333335,2.972893411828826,9.266666666666667,1.4864467059144129,9.266666666666667,1.4864467059144129,5.866666666666666,0.5163977794943224,0.0,0.0,0.0,0.0,1.0,0.0
24000.0,2.515625,4.241730008895199E-7,24000.0,0.9995659722222222,0.9649665694735188,0.988,0.9709200884029312,0.9994825317503733,0.4044943820224719,0.9884708165866334,0.9895833333333334,0.9594537519358017,24000.0,835936.0,15.0,0.7079390674203533,0.2920609325796468,22834.800000000003,98.02492394430068,27463.466666666664,2648.818978517101,18.6,1.8822478962286402,9.8,0.9411239481143201,9.8,0.9411239481143201,5.933333333333334,0.45773770821706344,0.0,0.0,0.0,0.0,1.0,0.0
25000.0,2.625,4.480776260606945E-7,25000.0,0.9992573477915497,0.9743377324837871,0.99,0.9767096296365304,0.9995659722222222,0.443001443001443,0.992758775116083,1.0,0.9662618083670715,25000.0,844824.0,15.0,0.8270821761421512,0.17291782385784865,23778.6,110.63375873316632,28050.13333333333,2877.12788003857,19.26666666666667,2.1201976547572388,10.133333333333335,1.0600988273786194,10.133333333333335,1.0600988273786194,6.133333333333334,0.3518657752744984,0.0,0.0,0.0,0.0,1.0,0.0
26000.0,2.71875,4.688486418065926E-7,26000.0,0.9983548843483697,0.9703148850786457,0.989,0.9742649123135376,0.9992573477915497,0.443001443001443,0.9893416040052606,0.990228013029316,0.9629389659193986,26000.0,856424.0,15.0,0.7598774892876189,0.24012251071238114,24719.666666666668,106.21989769655549,28819.2,2859.8754018812974,19.53333333333334,2.199567056967175,10.26666666666667,1.0997835284835875,10.26666666666667,1.0997835284835875,6.2,0.4140393356054125,0.0,0.0,0.0,0.0,1.0,0.0
27000.0,2.8125,4.898897410991291E-7,27000.0,0.9992921385742838,0.9657508330228899,0.989,0.974661850882689,0.9983548843483697,0.4619883040935672,0.9894045986185642,0.990506329113924,0.9630275115150005,27000.0,867560.0,15.0,0.5733972023614242,0.4266027976385757,25683.86666666667,106.1514192534602,29555.733333333334,2968.0968280958054,19.933333333333337,2.1201976547572388,10.466666666666669,1.0600988273786194,10.466666666666669,1.0600988273786194,6.2,0.4140393356054125,0.0,0.0,0.0,0.0,1.0,0.0
28000.0,2.890625,5.075754921158983E-7,28000.0,0.9994789649384902,0.9821971243407558,0.996,0.9908089924817558,0.9992921385742838,0.4662756598240469,0.9970631360955553,1.0,0.9865884325230512,28000.0,875056.0,15.0,0.801899943909549,0.19810005609045103,26637.066666666666,92.08495042751602,30050.666666666668,3210.480931188318,20.333333333333332,2.350278605572013,10.666666666666666,1.1751393027860064,10.666666666666666,1.1751393027860064,6.4,0.6324555320336758,0.0,0.0,0.0,0.0,1.0,0.0
29000.0,3.0,5.325732248214384E-7,29000.0,0.9984656542607601,0.9685952304333768,0.989,0.9730381583591513,0.9994789649384902,0.39664804469273746,0.9880671304822586,0.9859154929577465,0.9630573248407643,29000.0,883456.0,15.0,0.7049132344397606,0.29508676556023933,27597.399999999998,97.11539527798728,30604.800000000003,3376.5007076219354,21.0,2.5071326821120348,11.0,1.2535663410560174,11.0,1.2535663410560174,6.7333333333333325,0.7988086367179803,0.0,0.0,0.0,0.0,1.0,0.0
30000.0,3.078125,5.507231819339925E-7,30000.0,0.9995467535627556,0.9783092927397148,0.991,0.9786328844656321,0.9984656542607601,0.42653352353780316,0.9916612810513162,0.9933110367892977,0.9697783747481531,30000.0,898024.0,15.0,0.7364992258268119,0.26350077417318807,28547.066666666666,103.94948406844145,31568.53333333333,3320.8514800245057,21.533333333333335,2.5597618936887376,11.266666666666667,1.2798809468443688,11.266666666666667,1.2798809468443688,7.0,0.9258200997725513,0.0,0.0,0.0,0.0,1.0,0.0
31000.0,3.1875,5.76688617002219E-7,31000.0,0.9992694358526727,0.9780133962408936,0.993,0.9834738840149962,0.9995467535627556,0.4326647564469914,0.9940428646297804,0.9966887417218543,0.9765049805110437,31000.0,917656.0,15.0,0.660935228446048,0.3390647715539519,29503.8,107.21287236148389,32866.666666666664,4112.249760804674,22.333333333333332,2.9920529661723827,11.666666666666666,1.4960264830861913,11.666666666666666,1.4960264830861913,7.266666666666666,0.961150104723255,0.0,0.0,0.0,0.0,1.0,0.0
32000.0,3.28125,5.990908054324489E-7,32000.0,0.9983989242318706,0.9753265393823015,0.994,0.9855469051106144,0.9992694358526727,0.4124293785310734,0.9947549351511968,0.9965753424657534,0.9798488664987405,32000.0,923680.0,15.0,0.6288037081582882,0.37119629184171166,30460.533333333336,116.9657255454826,33265.066666666666,4243.271909180237,22.599999999999998,3.0425553170226594,11.799999999999999,1.5212776585113297,11.799999999999999,1.5212776585113297,7.333333333333332,0.8997354108424376,0.0,0.0,0.0,0.0,1.0,0.0
33000.0,3.359375,6.177811236638163E-7,33000.0,0.9993105158730159,0.9780573818378033,0.994,0.9852158486102898,0.9983989242318706,0.3888888888888889,0.9958246164193104,1.0,0.9798123980424144,33000.0,924760.0,15.0,0.665050430766072,0.33494956923392794,31414.666666666668,127.71825390660662,33337.066666666666,4270.663104528494,22.599999999999998,3.0425553170226594,11.799999999999999,1.5212776585113297,11.799999999999999,1.5212776585113297,7.333333333333332,0.8997354108424376,0.0,0.0,0.0,0.0,1.0,0.0
34000.0,3.453125,6.404048892565901E-7,34000.0,0.9972977941176471,0.9727766007009132,0.987,0.9704464854051105,0.9993105158730159,0.47058823529411764,0.9903950489280409,1.0,0.9563586097946287,34000.0,932816.0,15.0,0.6783879353252217,0.3216120646747782,32360.600000000002,132.7843579428162,33869.33333333333,3534.376701296378,23.000000000000004,2.507132682112035,12.000000000000002,1.2535663410560176,12.000000000000002,1.2535663410560176,7.533333333333332,0.7432233529572067,0.0,0.0,0.0,0.0,1.0,0.0
35000.0,3.546875,6.631635025971467E-7,35000.0,0.9999288411544811,0.9826137566524594,0.994,0.985821502164584,0.9972977941176471,0.4326647564469914,0.9947608444017046,0.9966887417218543,0.9798657718120806,35000.0,938376.0,15.0,0.8097056304715577,0.19029436952844214,33315.33333333334,138.55461360915177,34235.73333333333,3331.360757293947,23.533333333333335,2.325838302531758,12.266666666666667,1.162919151265879,12.266666666666667,1.162919151265879,7.7333333333333325,0.7037315505489969,0.0,0.0,0.0,0.0,1.0,0.0
36000.0,3.640625,6.863307337173159E-7,36000.0,0.9969765196275263,0.9659106943882773,0.988,0.9714839739933843,0.9999288411544811,0.42450142450142453,0.9885552279214523,0.9899328859060402,0.959731543624161,36000.0,955224.0,15.0,0.7191687851057307,0.28083121489426943,34267.799999999996,141.74786468535277,35350.4,2602.042626201852,24.06666666666667,1.8309508328682544,12.533333333333335,0.9154754164341272,12.533333333333335,0.9154754164341272,8.0,0.0,0.0,0.0,0.0,0.0,1.0,0.0
37000.0,3.734375,7.095416205831702E-7,37000.0,0.9971474603827545,0.9708224987265658,0.989,0.973150561885514,0.9969765196275263,0.4005602240896359,0.9881028196648035,0.986013986013986,0.9630470310513891,37000.0,957024.0,15.0,0.7219801622378798,0.2780198377621202,35215.46666666666,131.05880177923544,35470.400000000016,2578.4729921852163,24.06666666666667,1.8309508328682544,12.533333333333335,0.9154754164341272,12.533333333333335,0.9154754164341272,8.0,0.0,0.0,0.0,0.0,0.0,1.0,0.0
38000.0,3.84375,7.366372867383892E-7,38000.0,0.9968038683807052,0.9697977832355912,0.988,0.9719015618048563,0.9971474603827545,0.43884892086330934,0.9895193199180577,0.9934426229508196,0.9597137556321229,38000.0,957600.0,15.0,0.48493498188702455,0.5150650181129753,36161.333333333336,146.50337229988406,35508.8,2601.3232676576636,24.06666666666667,1.8309508328682544,12.533333333333335,0.9154754164341272,12.533333333333335,0.9154754164341272,8.0,0.0,0.0,0.0,0.0,0.0,1.0,0.0
39000.0,3.921875,7.560526137240232E-7,39000.0,0.9994255146823379,0.9768477915162076,0.994,0.9858990749793186,0.9968038683807052,0.4409221902017291,0.9938501067541051,0.9934640522875817,0.9798709677419355,39000.0,960632.0,15.0,0.7840136399512279,0.21598636004877206,37123.53333333333,148.82725684817453,35709.333333333336,2843.147819549579,24.200000000000003,1.9712215212183248,12.600000000000001,0.9856107606091624,12.600000000000001,0.9856107606091624,8.066666666666666,0.25819888974716115,0.0,0.0,0.0,0.0,1.0,0.0
40000.0,4.015625,7.794311386533082E-7,40000.0,0.9991629113941711,0.9745694483910439,0.99,0.9768281436098971,0.9994255146823379,0.4556040756914119,0.9901130073232881,0.9904153354632588,0.9664935500083766,40000.0,963936.0,15.0,0.80144079107173,0.19855920892827,38078.799999999996,144.08886147096752,35927.46666666666,3162.3751893308345,24.46666666666667,2.065591117977289,12.733333333333334,1.0327955589886444,12.733333333333334,1.0327955589886444,8.2,0.4140393356054126,0.0,0.0,0.0,0.0,1.0,0.0
41000.0,4.109375,8.031416412753365E-7,41000.0,0.9992957746478873,0.9695260505119937,0.986,0.9664139717877362,0.9991629113941711,0.4084507042253521,0.9890930201090105,0.996551724137931,0.9530585541380437,41000.0,977624.0,15.0,0.569483862952955,0.43051613704704506,39032.59999999999,132.40295637614236,36832.53333333333,3484.307962989549,25.0,2.5071326821120348,13.0,1.2535663410560174,13.0,1.2535663410560174,8.466666666666665,0.7432233529572068,0.0,0.0,0.0,0.0,1.0,0.0
42000.0,4.203125,8.269834991854927E-7,42000.0,0.9994896331738437,0.9712607421591967,0.988,0.9708022092994963,0.9992957746478873,0.3986013986013986,0.9894920866893809,0.9929824561403509,0.9597218892351954,42000.0,983040.0,15.0,0.7703712073863564,0.22962879261364358,39996.2,138.33406769741947,37190.400000000016,3348.0893655934583,25.266666666666666,2.3744673588186544,13.133333333333333,1.1872336794093272,13.133333333333333,1.1872336794093272,8.533333333333335,0.7432233529572063,0.0,0.0,0.0,0.0,1.0,0.0
43000.0,4.296875,8.510690531693401E-7,43000.0,0.9992223672214376,0.9731274934776893,0.988,0.9733778219508732,0.9994896331738437,0.5105740181268882,0.9901890054993768,0.9970414201183432,0.9598474826861723,43000.0,993088.0,15.0,0.8313360706897621,0.1686639293102379,40936.666666666664,134.79013670287992,37854.933333333334,3309.521317710607,25.799999999999997,2.3664319132398464,13.399999999999999,1.1832159566199232,13.399999999999999,1.1832159566199232,8.799999999999999,0.8618916073713347,0.0,0.0,0.0,0.0,1.0,0.0
44000.0,4.375,8.713211152806051E-7,44000.0,0.9982244318181818,0.9731432540953886,0.988,0.9714307481334755,0.9992223672214376,0.42045454545454547,0.9895123417356523,0.9932432432432432,0.9598387464820871,44000.0,1002032.0,15.0,0.6542671541303725,0.3457328458696275,41887.86666666667,134.62162141491618,38446.4,3608.2979921286983,26.2,2.704493615131253,13.6,1.3522468075656264,13.6,1.3522468075656264,8.933333333333332,0.883715101688537,0.0,0.0,0.0,0.0,1.0,0.0
45000.0,4.5,9.039888067895341E-7,45000.0,0.9996743154637892,0.9791244604908625,0.989,0.9738863724847828,0.9982244318181818,0.422475106685633,0.9911892555667042,0.9966329966329966,0.9631806010116036,45000.0,1010208.0,15.0,0.6358434373573338,0.3641565626426662,42845.6,133.6139428139363,38986.66666666666,3391.8580383590565,26.6,2.5298221281347035,13.8,1.2649110640673518,13.8,1.2649110640673518,9.066666666666666,0.7988086367179801,0.0,0.0,0.0,0.0,1.0,0.0
46000.0,4.609375,9.328150190413E-7,46000.0,0.9994492092218114,0.9776097223144106,0.992,0.9803706030150754,0.9996743154637892,0.39664804469273746,0.9912250733899567,0.9894366197183099,0.9731934731934732,46000.0,1018760.0,15.0,0.6437713524760611,0.35622864752393896,43801.73333333333,130.07825483512684,39552.00000000001,3267.309246809325,27.0,2.390457218668787,14.0,1.1952286093343936,14.0,1.1952286093343936,9.266666666666666,0.7037315505489969,0.0,0.0,0.0,0.0,1.0,0.0
47000.0,4.703125,9.577189727375907E-7,47000.0,0.9988002917690417,0.9757933388903163,0.99,0.9761922901112297,0.9994492092218114,0.42045454545454547,0.9919076167712623,0.9966216216216216,0.9664860239589276,47000.0,1026832.0,15.0,0.9122095656287394,0.08779043437126051,44737.66666666667,150.1935259526703,40084.799999999996,2974.741362106724,27.53333333333333,2.3258383025317575,14.266666666666666,1.1629191512658787,14.266666666666666,1.1629191512658787,9.333333333333332,0.7237468644557461,0.0,0.0,0.0,0.0,1.0,0.0
48000.0,4.796875,9.830082611491286E-7,48000.0,0.9995167301062198,0.9708166916139586,0.99,0.9752534051314539,0.9988002917690417,0.3850415512465374,0.9908608063736125,0.9928057553956835,0.9664382603831632,48000.0,1042720.0,15.0,0.7675450218456239,0.23245497815437602,45693.73333333332,158.3686777593278,41133.86666666667,3482.1057230742817,28.466666666666665,2.3258383025317584,14.733333333333333,1.1629191512658792,14.733333333333333,1.1629191512658792,9.533333333333333,0.5163977794943222,0.0,0.0,0.0,0.0,1.0,0.0
49000.0,4.90625,1.0128033075792097E-6,49000.0,0.9982982702197288,0.9700648168396858,0.988,0.9720982142857143,0.9995167301062198,0.4492753623188406,0.9886381186224148,0.9903225806451613,0.9597591021078565,49000.0,1053000.0,15.0,0.7537025113592078,0.24629748864079207,46650.86666666666,158.00672077327516,41815.46666666667,3448.785414909898,28.6,2.4142434484888695,14.8,1.2071217242444348,14.8,1.2071217242444348,9.599999999999998,0.5070925528371099,0.0,0.0,0.0,0.0,1.0,0.0
50000.0,4.984375,1.034212893702918E-6,50000.0,0.9998550724637681,0.9777337700280453,0.993,0.98370956481266,0.9982982702197288,0.4492753623188406,0.9940355083523715,0.9967741935483871,0.976544699101997,50000.0,1059304.0,15.0,0.7401542924100944,0.25984570758990566,47591.399999999994,163.7440511460311,42232.53333333334,3685.4053056165567,28.866666666666667,2.669046557070431,14.933333333333334,1.3345232785352155,14.933333333333334,1.3345232785352155,9.733333333333333,0.45773770821706344,0.0,0.0,0.0,0.0,1.0,0.0
51000.0,5.109375,1.0684741816173E-6,51000.0,0.9998293955993286,0.9811566222377266,0.995,0.9884823411254134,0.9998550724637681,0.4662756598240469,0.9946554832819826,0.9937106918238994,0.9832677165354331,51000.0,1059488.0,15.0,0.6242711484866391,0.37572885151336094,48534.333333333336,159.59621668746516,42244.26666666667,3686.5021645896,29.000000000000004,2.7255405754769875,15.000000000000002,1.3627702877384937,15.000000000000002,1.3627702877384937,9.733333333333333,0.45773770821706344,0.0,0.0,0.0,0.0,1.0,0.0
52000.0,5.21875,1.0985949645853708E-6,52000.0,0.99887207316576,0.981375283903106,0.996,0.9909403467129313,0.9998293955993286,0.4903129657228018,0.9954689678837334,0.993920972644377,0.9866401181835699,52000.0,1064512.0,15.0,0.7190891705347701,0.28091082946522994,49493.933333333334,162.62290590138178,42576.00000000001,3804.155322050575,29.26666666666667,2.814926202195987,15.133333333333335,1.4074631010979934,15.133333333333335,1.4074631010979934,9.733333333333333,0.45773770821706344,0.0,0.0,0.0,0.0,1.0,0.0
53000.0,5.3125,1.1247038168625702E-6,53000.0,0.9992821484873508,0.9726542669278033,0.99,0.9766250280499663,0.99887207316576,0.44508670520231214,0.9900720488743813,0.9902597402597403,0.9666183787869245,53000.0,1076512.0,15.0,0.6923671234562906,0.3076328765437095,50444.4,159.32572207363586,43368.53333333334,3851.3456992638426,30.066666666666666,2.814926202195987,15.533333333333333,1.4074631010979934,15.533333333333333,1.4074631010979934,9.933333333333334,0.5936168397046635,0.0,0.0,0.0,0.0,1.0,0.0
54000.0,5.40625,1.151331493424045E-6,54000.0,0.9994442053930006,0.9726189570879669,0.991,0.9799038959647023,0.9992821484873508,0.5060240963855421,0.9917500700160985,0.9940476190476191,0.9700240547708628,54000.0,1097904.0,15.0,0.8300383629400575,0.16996163705994236,51399.73333333333,146.06626024155017,44782.93333333333,3757.221911896886,30.866666666666664,2.325838302531759,15.933333333333332,1.1629191512658794,15.933333333333332,1.1629191512658794,10.0,0.6546536707079772,0.0,0.0,0.0,0.0,1.0,0.0
55000.0,5.5,1.1784283237324823E-6,55000.0,0.9988936304725778,0.9680516018646241,0.987,0.9691384402092889,0.9994442053930006,0.422475106685633,0.9887993404219445,0.9932659932659933,0.9566929133858267,55000.0,1117248.0,15.0,0.7409674966851559,0.25903250331484406,52345.73333333333,141.31194806762284,46061.86666666667,3860.7930692811715,31.666666666666664,2.9920529661723827,16.333333333333332,1.4960264830861913,16.333333333333332,1.4960264830861913,10.2,0.7745966692414833,0.0,0.0,0.0,0.0,1.0,0.0
56000.0,5.59375,1.2056138237110446E-6,56000.0,0.9992617775619232,0.9700994953838503,0.987,0.9687815186590462,0.9988936304725778,0.4084507042253521,0.9898023016774725,0.996551724137931,0.9566666666666667,56000.0,1120904.0,15.0,0.6294087640364852,0.37059123596351495,53290.333333333336,144.69853719601622,46303.466666666674,4090.223009405069,31.933333333333334,3.0110906108363245,16.466666666666665,1.5055453054181622,16.466666666666665,1.5055453054181622,10.2,0.7745966692414833,0.0,0.0,0.0,0.0,1.0,0.0
57000.0,5.703125,1.2376577877956963E-6,57000.0,0.997788409019975,0.9788513301402826,0.993,0.9829842677401163,0.9992617775619232,0.4044943820224719,0.9930165410563339,0.9930555555555556,0.9766502808988764,57000.0,1132480.0,15.0,0.7258141368662596,0.2741858631337403,54229.93333333333,142.67969455425373,47067.733333333344,4039.765613191414,32.733333333333334,3.1045281828476345,16.866666666666667,1.5522640914238173,16.866666666666667,1.5522640914238173,10.399999999999999,0.9102589898327995,0.0,0.0,0.0,0.0,1.0,0.0
58000.0,5.796875,1.2653023521933294E-6,58000.0,0.9999953575606767,0.9903368057332728,0.998,0.9953655642888922,0.997788409019975,0.4577259475218659,0.9985412100183729,1.0,0.9933340995287898,58000.0,1139832.0,15.0,0.6030109393525015,0.3969890606474984,55187.4,146.57606508957366,47553.06666666667,4233.737549505783,33.13333333333333,2.972893411828825,17.066666666666666,1.4864467059144124,17.066666666666666,1.4864467059144124,10.399999999999999,0.9102589898327995,0.0,0.0,0.0,0.0,1.0,0.0
59000.0,5.921875,1.3024874755905738E-6,59000.0,0.9998481910246616,0.9848089267598845,0.996,0.990246757046718,0.9999953575606767,0.4005602240896359,0.9971949453861273,1.0,0.9866576209859792,59000.0,1149904.0,15.0,0.6826293349293037,0.31737066507069644,56149.666666666664,146.53847211406193,48217.59999999999,3858.5305271011425,33.8,2.90811671999988,17.4,1.45405835999994,17.4,1.45405835999994,10.466666666666667,0.9154754164341268,0.0,0.0,0.0,0.0,1.0,0.0
60000.0,6.015625,1.3306813262816936E-6,60000.0,0.9994181993028008,0.9793360005317374,0.995,0.9880147658085239,0.9998481910246616,0.41843971631205673,0.9954675503034623,0.9966101694915255,0.9833175777122838,60000.0,1162480.0,15.0,0.7167990151397863,0.28320098486021367,57117.13333333333,156.28493514213375,49049.6,3619.563604319489,34.06666666666667,2.711527420547496,17.533333333333335,1.355763710273748,17.533333333333335,1.355763710273748,10.533333333333333,0.9154754164341267,0.0,0.0,0.0,0.0,1.0,0.0
61000.0,6.109375,1.3588769232026408E-6,61000.0,0.9989977472730764,0.9814399374844052,0.994,0.9859998226644204,0.9994181993028008,0.447178002894356,0.9947619218439272,0.9967637540453075,0.9799912530067789,61000.0,1162552.0,15.0,0.7847751890353097,0.21522481096469032,58070.26666666666,155.35005019387074,49053.86666666667,3649.47898173085,34.199999999999996,2.808151400069855,17.599999999999998,1.4040757000349275,17.599999999999998,1.4040757000349275,10.533333333333333,0.9154754164341267,0.0,0.0,0.0,0.0,1.0,0.0
62000.0,6.21875,1.3921099727869865E-6,62000.0,0.9981261591999847,0.9737381607746418,0.99,0.976145038167939,0.9989977472730764,0.42450142450142453,0.9890120816289278,0.9865771812080537,0.9666487358795051,62000.0,1174504.0,15.0,0.7225061106515195,0.2774938893484806,59019.53333333333,161.74356541260315,49845.86666666666,3740.894275564652,34.33333333333333,2.6903708365381966,17.666666666666664,1.3451854182690983,17.666666666666664,1.3451854182690983,10.6,0.9856107606091623,0.0,0.0,0.0,0.0,1.0,0.0
63000.0,6.328125,1.425534072849486E-6,63000.0,0.9980111126666055,0.9657268888617067,0.989,0.9734227617133138,0.9981261591999847,0.4144271570014144,0.9862022461992989,0.9795221843003413,0.9633003230418895,63000.0,1181256.0,15.0,0.6677090858717435,0.3322909141282567,59955.46666666667,169.01177755523733,50292.26666666667,3921.8105051232715,34.733333333333334,2.814926202195988,17.866666666666667,1.407463101097994,17.866666666666667,1.407463101097994,10.666666666666668,0.9759000729485332,0.0,0.0,0.0,0.0,1.0,0.0
64000.0,6.40625,1.4495222583516609E-6,64000.0,0.999724170172978,0.9755484666476909,0.993,0.98368070126358,0.9980111126666055,0.4492753623188406,0.9931509256418781,0.9935483870967742,0.9766581566196009,64000.0,1186888.0,15.0,0.6319435049114414,0.3680564950885586,60896.33333333333,165.16427608668303,50665.066666666666,3853.6671860647716,34.86666666666666,2.774029216723951,17.93333333333333,1.3870146083619754,17.93333333333333,1.3870146083619754,10.666666666666668,0.9759000729485332,0.0,0.0,0.0,0.0,1.0,0.0
65000.0,6.515625,1.4831844924224752E-6,65000.0,0.999648382559775,0.9766328028647329,0.992,0.9815566211729989,0.999724170172978,0.4619883040935672,0.9924487265317948,0.9936708860759493,0.9733456353477882,65000.0,1189672.0,15.0,0.6724852721261707,0.3275147278738291,61846.8,170.5056345947882,50849.066666666666,3817.6251306401523,34.99999999999999,2.725540575476988,17.999999999999996,1.362770287738494,17.999999999999996,1.362770287738494,10.666666666666668,0.9759000729485332,0.0,0.0,0.0,0.0,1.0,0.0
66000.0,6.609375,1.512106326926086E-6,66000.0,0.9993335980036298,0.9745894371552185,0.99,0.9764559632336322,0.999648382559775,0.4367816091954023,0.9900370493290451,0.9901315789473685,0.9666885378286983,66000.0,1192496.0,15.0,0.8988701561590559,0.10112984384094412,62802.53333333333,174.09638819042863,51035.200000000004,3425.88172592108,35.266666666666666,2.4918916127158908,18.133333333333333,1.2459458063579454,18.133333333333333,1.2459458063579454,10.733333333333333,0.883715101688537,0.0,0.0,0.0,0.0,1.0,0.0
67000.0,6.71875,1.5459965086645555E-6,67000.0,0.9995066320044024,0.9804300668032176,0.994,0.985821502164584,0.9993335980036298,0.4326647564469914,0.9947608444017046,0.9966887417218543,0.9800149142431022,67000.0,1197728.0,15.0,0.6184443819758719,0.38155561802412813,63742.4,182.6205277148685,51381.333333333336,3420.479721297808,35.4,2.414243448488869,18.2,1.2071217242444345,18.2,1.2071217242444345,10.8,0.8618916073713347,0.0,0.0,0.0,0.0,1.0,0.0
68000.0,6.875,1.5945578666610855E-6,68000.0,0.9973980898807241,0.9769930818012993,0.992,0.9811302062940197,0.9995066320044024,0.4347202295552367,0.9923950015794178,0.9933993399339934,0.9733568420021549,68000.0,1201360.0,15.0,0.8110420411779644,0.1889579588220356,64694.666666666664,191.15986827285485,51621.86666666667,3467.5000024032684,35.53333333333333,2.4455985731416305,18.266666666666666,1.2227992865708153,18.266666666666666,1.2227992865708153,10.866666666666667,0.9154754164341269,0.0,0.0,0.0,0.0,1.0,0.0
69000.0,6.953125,1.619047284798904E-6,69000.0,0.9997486477247592,0.9802260066673336,0.993,0.9825047237245943,0.9973980898807241,0.3774104683195592,0.9940402730405923,0.9963503649635036,0.9766576454668471,69000.0,1211688.0,15.0,0.7576963034048743,0.24230369659512568,65662.06666666667,195.6018063992935,52304.0,3381.68918061458,36.06666666666666,2.374467358818655,18.53333333333333,1.1872336794093274,18.53333333333333,1.1872336794093274,11.066666666666666,0.961150104723255,0.0,0.0,0.0,0.0,1.0,0.0
70000.0,7.0625,1.6533822700795205E-6,70000.0,0.9995992347291733,0.9773893002249868,0.994,0.9857416481704158,0.9997486477247592,0.42653352353780316,0.9947596221462772,0.9966555183946488,0.9799914248963841,70000.0,1213448.0,15.0,0.7912336598148645,0.2087663401851354,66610.93333333333,195.95606893480198,52420.80000000001,3330.196802421316,36.2,2.3664319132398464,18.6,1.1832159566199232,18.6,1.1832159566199232,11.066666666666666,0.961150104723255,0.0,0.0,0.0,0.0,1.0,0.0
71000.0,7.140625,1.6780307891571691E-6,71000.0,0.9996426956128449,0.9721689873250826,0.988,0.9729461628640995,0.9995992347291733,0.4925373134328358,0.9879692405446259,0.9878787878787879,0.9600393977768397,71000.0,1219560.0,15.0,0.5620774968084521,0.4379225031915478,67562.73333333332,201.75071841495915,52825.59999999999,3319.165747163412,36.33333333333333,2.350278605572012,18.666666666666664,1.175139302786006,18.666666666666664,1.175139302786006,11.066666666666666,0.961150104723255,0.0,0.0,0.0,0.0,1.0,0.0
72000.0,7.25,1.7126109257029995E-6,72000.0,0.9991890557788591,0.9726559157260374,0.993,0.9846053696470671,0.9996426956128449,0.5337423312883436,0.993291616275036,0.9942528735632183,0.9767409663574692,72000.0,1222112.0,15.0,0.6367581094031272,0.3632418905968729,68514.2,209.13741210710762,52994.13333333333,3308.8203738895613,36.46666666666666,2.325838302531758,18.73333333333333,1.162919151265879,18.73333333333333,1.162919151265879,11.066666666666666,0.961150104723255,0.0,0.0,0.0,0.0,1.0,0.0
73000.0,7.34375,1.7423459212295716E-6,73000.0,0.9992196573751452,0.9781332706769472,0.99,0.9774563555042562,0.9991890557788591,0.4880952380952381,0.9917656952379786,0.9969512195121951,0.9668136564076919,73000.0,1226024.0,15.0,0.839595587908495,0.160404412091505,69454.86666666665,217.58146804839794,53253.333333333336,3459.5823584990853,36.6,2.4142434484888695,18.8,1.2071217242444348,18.8,1.2071217242444348,11.133333333333333,0.9154754164341269,0.0,0.0,0.0,0.0,1.0,0.0
74000.0,7.4375,1.7721649298133955E-6,74000.0,0.999555227977431,0.977964006759906,0.994,0.9873049189207488,0.9992196573751452,0.6181229773462783,0.9941457606350137,0.9947643979057592,0.9801599714017606,74000.0,1229488.0,15.0,0.5608412120966668,0.43915878790333307,70413.93333333333,232.5453770362971,53481.06666666667,3675.1096284263936,37.13333333333333,2.445598573141631,19.066666666666666,1.2227992865708155,19.066666666666666,1.2227992865708155,11.2,0.9411239481143204,0.0,0.0,0.0,0.0,1.0,0.0
75000.0,7.53125,1.80229515535757E-6,75000.0,0.9996045524272225,0.9802904713589107,0.994,0.9870110189855605,0.999555227977431,0.5600624024960998,0.9953088091567478,1.0,0.9802093411909578,75000.0,1242320.0,15.0,0.7414856631580048,0.2585143368419954,71367.80000000002,234.77898421402713,54329.066666666666,3751.129800600398,37.66666666666667,2.581988897471612,19.333333333333336,1.290994448735806,19.333333333333336,1.290994448735806,11.266666666666666,1.0327955589886444,0.0,0.0,0.0,0.0,1.0,0.0
76000.0,7.671875,1.847807143349201E-6,76000.0,0.9983408306308191,0.9727889289381888,0.992,0.9832765432614922,0.9996045524272225,0.6528925619834711,0.9920702437595817,0.9924050632911392,0.9737172005360307,76000.0,1251024.0,15.0,0.528961502109945,0.47103849789005514,72324.86666666667,221.7034269554919,54905.6,3985.639593770186,37.8,2.808151400069855,19.4,1.4040757000349275,19.4,1.4040757000349275,11.266666666666666,1.0327955589886444,0.0,0.0,0.0,0.0,1.0,0.0
77000.0,7.78125,1.883215089845989E-6,77000.0,0.9995739188190033,0.9816728653161803,0.994,0.9874897311543225,0.9983408306308191,0.6583747927031509,0.9945904286092988,0.9974811083123426,0.9803654908627284,77000.0,1251368.0,15.0,0.4693828408291636,0.5306171591708366,73282.0,238.46203651135494,54927.46666666666,3974.5952869742705,38.06666666666666,3.0110906108363236,19.53333333333333,1.5055453054181618,19.53333333333333,1.5055453054181618,11.266666666666666,1.0327955589886444,0.0,0.0,0.0,0.0,1.0,0.0
78000.0,7.875,1.9136247121625482E-6,78000.0,0.9997727272727273,0.9825062816579878,0.995,0.9898514248599497,0.9995739188190033,0.7857142857142857,0.9948038702476686,0.9931818181818182,0.9837296620775969,78000.0,1253840.0,15.0,0.5122076058007465,0.4877923941992534,74245.53333333333,238.3202727024124,55090.666666666664,3963.2698380912448,38.199999999999996,3.0047581314594076,19.599999999999998,1.5023790657297038,19.599999999999998,1.5023790657297038,11.266666666666666,1.0327955589886444,0.0,0.0,0.0,0.0,1.0,0.0
79000.0,7.984375,1.9492483827181995E-6,79000.0,0.9966550427857743,0.9765486528239519,0.992,0.9835355713979946,0.9997727272727273,0.7064846416382252,0.9924614035813788,0.9951690821256038,0.9740813648293963,79000.0,1258992.0,15.0,0.3886931333573227,0.6113068666426774,75197.26666666666,240.22562806859875,55431.46666666667,3565.0923022846855,38.333333333333336,2.7945525240230884,19.666666666666668,1.3972762620115442,19.666666666666668,1.3972762620115442,11.333333333333332,0.8997354108424374,0.0,0.0,0.0,0.0,1.0,0.0
80000.0,8.09375,1.9850880036958397E-6,80000.0,0.9987533621142337,0.9708131266848068,0.99,0.9799612852030122,0.9966550427857743,0.9120458891013384,0.990069787437905,0.9916142557651991,0.9678210852339004,80000.0,1266624.0,15.0,0.3312036664472914,0.6687963335527086,76150.86666666667,251.87124450703803,55937.600000000006,4187.852037227951,38.46666666666666,2.9728934118288257,19.73333333333333,1.4864467059144129,19.73333333333333,1.4864467059144129,11.4,0.9102589898327995,0.0,0.0,0.0,0.0,1.0,0.0
81000.0,8.203125,2.0210885688559057E-6,81000.0,0.9998999963998704,0.9797772577285998,0.995,0.9899995199769589,0.9987533621142337,1.012072434607646,0.9949932866200932,0.9960238568588469,0.9840299684542586,81000.0,1272312.0,15.0,0.3365846902817729,0.6634153097182272,77107.53333333333,256.6525908323429,56312.53333333333,4364.717203515787,38.99999999999999,3.1167748898959173,19.999999999999996,1.5583874449479587,19.999999999999996,1.5583874449479587,11.4,0.9102589898327995,0.0,0.0,0.0,0.0,1.0,0.0
82000.0,8.296875,2.0522773977265598E-6,82000.0,0.9995599137430936,0.9845396739541646,0.998,0.99599899174592,0.9998999963998704,1.028397565922921,0.997969541052308,1.0,0.9936542330908528,82000.0,1285968.0,15.0,0.3970120475544221,0.6029879524455778,78070.4,246.723905842717,57215.99999999999,4505.525242886306,39.400000000000006,3.2249030993194205,20.200000000000003,1.6124515496597103,20.200000000000003,1.6124515496597103,11.533333333333333,0.9154754164341271,0.0,0.0,0.0,0.0,1.0,0.0
83000.0,8.390625,2.083482718767806E-6,83000.0,0.9991679700469217,0.9673978524590217,0.987,0.9740006239850243,0.9995599137430936,0.9880715705765407,0.9870172598848346,0.9919517102615694,0.9590310209970763,83000.0,1286648.0,15.0,0.48022381214384996,0.5197761878561501,79031.19999999998,242.35900171911746,57261.333333333336,4532.677711694847,39.400000000000006,3.2249030993194205,20.200000000000003,1.6124515496597103,20.200000000000003,1.6124515496597103,11.533333333333333,0.9154754164341271,0.0,0.0,0.0,0.0,1.0,0.0
84000.0,8.515625,2.1251441406396537E-6,84000.0,0.9987565836785035,0.9762058981487848,0.993,0.9859368847387073,0.9991679700469217,1.1413276231263383,0.9929020000416088,0.9943714821763602,0.9780621572212066,84000.0,1288328.0,15.0,0.37159353247531496,0.6284064675246851,80002.53333333334,242.08229612104685,57373.333333333336,4563.635309497818,39.400000000000006,3.2249030993194205,20.200000000000003,1.6124515496597103,20.200000000000003,1.6124515496597103,11.533333333333333,0.9154754164341271,0.0,0.0,0.0,0.0,1.0,0.0
85000.0,8.625,2.1620216365489705E-6,85000.0,0.9996912280701754,0.9779280918505504,0.993,0.9859635051132946,0.9987565836785035,1.105263157894737,0.9929314084844366,0.9942857142857143,0.9781875504069213,85000.0,1303304.0,15.0,0.584623712909127,0.41537628709087304,80962.93333333333,254.83789431902005,58362.66666666667,4757.196453294534,40.33333333333333,3.4364987719368982,20.666666666666664,1.7182493859684491,20.666666666666664,1.7182493859684491,11.933333333333332,1.0327955589886446,0.0,0.0,0.0,0.0,1.0,0.0
86000.0,8.734375,2.1992169462868747E-6,86000.0,0.9993341938435396,0.9766543507043922,0.993,0.9856993429869578,0.9996912280701754,1.3364485981308412,0.992702607414163,0.9947552447552448,0.9782718544719555,86000.0,1314536.0,15.0,0.4227538685228417,0.5772461314771583,81934.39999999998,258.72511612575676,59104.0,5150.829503238151,41.13333333333333,3.7391111752597537,21.066666666666666,1.8695555876298768,21.066666666666666,1.8695555876298768,12.133333333333333,1.0600988273786198,0.0,0.0,0.0,0.0,1.0,0.0
87000.0,8.828125,2.2314506026709254E-6,87000.0,0.9991296160686264,0.9750362817658982,0.993,0.9853605487702861,0.9993341938435396,1.5316455696202531,0.9928966247806388,0.9933884297520661,0.978328173374613,87000.0,1329048.0,15.0,0.3291425095276281,0.670857490472372,82911.33333333333,274.91574466855593,60065.600000000006,5233.595388040068,41.26666666666667,3.692979181920097,21.133333333333336,1.8464895909600485,21.133333333333336,1.8464895909600485,12.133333333333333,1.0600988273786198,0.0,0.0,0.0,0.0,1.0,0.0
88000.0,8.9375,2.2695812448445304E-6,88000.0,0.9985453844251334,0.9791793596338463,0.995,0.9895153579037426,0.9991296160686264,1.544529262086514,0.9945333936837318,0.9967051070840197,0.9845581525935284,88000.0,1347592.0,15.0,0.5509001746320195,0.4490998253679806,83882.4,277.70277019041293,61290.666666666664,5063.565466950658,42.2,3.529467786670231,21.6,1.7647338933351155,21.6,1.7647338933351155,12.599999999999998,1.1832159566199234,0.0,0.0,0.0,0.0,1.0,0.0
89000.0,9.03125,2.302683165503874E-6,89000.0,0.9993643676531853,0.9784451837281913,0.992,0.9828593221718953,0.9985453844251334,1.7100271002710028,0.9925335093758858,0.9904912836767037,0.9753317395974084,89000.0,1364848.0,15.0,0.3671846296255335,0.6328153703744664,84865.2,281.06765835191476,62430.40000000001,5262.181361917726,43.266666666666666,3.2834360631741224,22.133333333333333,1.6417180315870612,22.133333333333333,1.6417180315870612,13.066666666666666,1.2227992865708155,0.0,0.0,0.0,0.0,1.0,0.0
90000.0,9.109375,2.3303727114883572E-6,90000.0,0.9988094788954982,0.971906249381705,0.99,0.9789835609413683,0.9993643676531853,1.544529262086514,0.9881376142010023,0.9967051070840197,0.9692370795734208,90000.0,1370024.0,15.0,0.35756456489570454,0.6424354351042956,85844.4,272.0705790782963,62772.799999999996,5161.95914081355,43.666666666666664,3.598941643369749,22.333333333333332,1.7994708216848745,22.333333333333332,1.7994708216848745,13.133333333333335,1.3020130933435716,0.0,0.0,0.0,0.0,1.0,0.0
91000.0,9.234375,2.375122761198631E-6,91000.0,0.9991930898387852,0.9783143322078948,0.993,0.9853478013329314,0.9988094788954982,1.5252525252525253,0.992020306199543,0.9966887417218543,0.9785174693106704,91000.0,1383840.0,15.0,0.2603950332519101,0.73960496674809,86829.80000000002,272.4440178406231,63686.933333333334,4686.996349577455,44.06666666666667,3.1045281828476345,22.533333333333335,1.5522640914238173,22.533333333333335,1.5522640914238173,13.333333333333334,1.0465362369445672,0.0,0.0,0.0,0.0,1.0,0.0
92000.0,9.34375,2.4145545386191885E-6,92000.0,0.9992819331760008,0.9643848088825018,0.984,0.9650173819883245,0.9991930898387852,1.8328611898016998,0.9831253526015343,0.9860896445131375,0.9509415097483752,92000.0,1393576.0,15.0,0.19661956732372848,0.8033804326762715,87811.06666666667,279.90112199710495,64330.666666666664,5018.296732481858,44.6,3.224903099319419,22.8,1.6124515496597096,22.8,1.6124515496597096,13.533333333333333,0.9904304018720251,0.0,0.0,0.0,0.0,1.0,0.0
93000.0,9.453125,2.454217885517413E-6,93000.0,0.9997787200989889,0.9756470335012738,0.992,0.9819913108074646,0.9992819331760008,2.0211480362537766,0.9924934685216763,0.9910313901345291,0.9754746835443038,93000.0,1401760.0,15.0,0.3438234772522983,0.6561765227477017,88801.8,271.34695765490324,64872.0,5023.2874835964885,44.866666666666674,3.3352375513311676,22.933333333333337,1.6676187756655838,22.933333333333337,1.6676187756655838,13.533333333333333,0.9904304018720251,0.0,0.0,0.0,0.0,1.0,0.0
94000.0,9.5625,2.4943464086391048E-6,94000.0,0.9995143647072966,0.97276446637761,0.991,0.9783840906907484,0.9997787200989889,2.389830508474576,0.989668957171557,0.9929078014184397,0.9723809212888903,94000.0,1418200.0,15.0,0.205195343080865,0.7948046569191349,89794.26666666666,273.11365155675895,65958.93333333333,4997.729191009319,45.53333333333333,3.58302877997027,23.266666666666666,1.791514389985135,23.266666666666666,1.791514389985135,13.733333333333333,1.0997835284835875,0.0,0.0,0.0,0.0,1.0,0.0
95000.0,9.671875,2.534632027770084E-6,95000.0,0.9998742357402678,0.9803332099285852,0.993,0.9830872119993814,0.9995143647072966,2.4246575342465753,0.9920354605184682,0.9943502824858758,0.9784949713805258,95000.0,1423752.0,15.0,0.2519763753562456,0.7480236246437545,90796.99999999999,274.0070384914571,66326.4,5066.437869520782,45.66666666666667,3.4364987719368987,23.333333333333336,1.7182493859684493,23.333333333333336,1.7182493859684493,13.799999999999999,1.082325538564332,0.0,0.0,0.0,0.0,1.0,0.0
96000.0,9.796875,2.5810700996468484E-6,96000.0,0.9978172844114704,0.9687920327889754,0.993,0.9817407817032199,0.9998742357402678,2.8314176245210727,0.9877699235477471,0.9986468200270636,0.978450487429451,96000.0,1436040.0,15.0,0.3332548494571519,0.6667451505428479,91793.99999999999,269.51835346993437,67139.2,5082.694268650382,46.199999999999996,3.447566429485338,23.599999999999998,1.723783214742669,23.599999999999998,1.723783214742669,13.933333333333332,1.0327955589886444,0.0,0.0,0.0,0.0,1.0,0.0
97000.0,9.90625,2.6217812814542835E-6,97000.0,1.0,0.9870599162519056,0.998,0.9946666951109594,0.9978172844114704,3.0160642570281126,0.998667554371554,0.9973368841544608,0.9938281423981167,97000.0,1438792.0,15.0,0.1326840293612453,0.8673159706387547,92795.13333333335,272.4098452874314,67321.06666666667,5098.901050599975,46.333333333333336,3.4364987719368982,23.666666666666668,1.7182493859684491,23.666666666666668,1.7182493859684491,13.933333333333332,1.0327955589886444,0.0,0.0,0.0,0.0,1.0,0.0
98000.0,10.03125,2.668363449629398E-6,98000.0,0.9994525595473088,0.9829130612376241,0.997,0.9921143938597413,1.0,2.9215686274509802,0.9966967419005508,0.9973154362416108,0.9907220398889169,98000.0,1440496.0,15.0,0.22450601174840631,0.7754939882515937,93799.73333333332,266.5947879317648,67433.59999999998,5312.222198450878,46.6,3.22490309931942,23.8,1.61245154965971,23.8,1.61245154965971,13.933333333333332,1.0327955589886444,0.0,0.0,0.0,0.0,1.0,0.0
99000.0,10.1875,2.726797150292746E-6,99000.0,0.9998798647276834,0.9777229295266373,0.996,0.9879864727683372,0.9994525595473088,3.7393364928909953,0.9939871728663305,0.9974651457541192,0.9875858177372331,99000.0,1445592.0,15.0,0.19823292086098324,0.8017670791390167,94805.26666666666,280.5735112908816,67769.6,5454.525313902211,47.0,3.927922024247863,24.0,1.9639610121239315,24.0,1.9639610121239315,14.0,1.0,0.0,0.0,0.0,0.0,1.0,0.0
100000.0,10.296875,2.767772724231086E-6,100000.0,0.9999381918648133,0.9827610501459358,0.993,0.9785639040642837,0.9998798647276834,3.9261083743842367,0.9937719786958079,0.9924717691342535,0.9781945050152638,100000.0,1448136.0,15.0,0.3797747617576564,0.6202252382423434,95803.26666666668,286.0433200625035,67937.59999999999,5230.780285961167,47.13333333333333,3.9617216074881005,24.066666666666666,1.9808608037440503,24.066666666666666,1.9808608037440503,14.0,1.0,0.0,0.0,0.0,0.0,1.0,0.0
101000.0,10.40625,2.8088320525259625E-6,101000.0,0.9998593026527846,0.9832347854068113,0.998,0.9936046660356603,0.9999381918648133,4.154639175257732,0.9968004120031375,0.9987593052109182,0.9937453554619767,101000.0,1451096.0,15.0,0.16438144153255427,0.8356185584674456,96802.59999999999,280.25238625210983,68133.86666666667,5427.381555813167,47.13333333333333,3.9617216074881005,24.066666666666666,1.9808608037440503,24.066666666666666,1.9808608037440503,14.0,1.0,0.0,0.0,0.0,0.0,1.0,0.0
102000.0,10.515625,2.8506770872304028E-6,102000.0,0.996875764590744,0.9758273599728287,0.994,0.9811793047635179,0.9998593026527846,4.025125628140704,0.99057345353549,0.9962546816479401,0.9811663332820434,102000.0,1478864.0,15.0,0.32704242804448086,0.6729575719555191,97792.26666666666,273.45656919901603,69969.6,6074.592482510364,48.333333333333336,4.253849796976628,24.666666666666668,2.126924898488314,24.666666666666668,2.126924898488314,14.466666666666665,1.1872336794093274,0.0,0.0,0.0,0.0,1.0,0.0
103000.0,10.65625,2.904577672274578E-6,103000.0,1.0,0.9844947122312705,0.996,0.9875469324981476,0.996875764590744,4.025125628140704,0.9974999960888489,0.9950062421972534,0.9873982993821496,103000.0,1481608.0,15.0,0.2601875601968781,0.7398124398031218,98784.73333333332,278.3611391870736,70150.4,6057.629673159532,48.599999999999994,4.61054691518727,24.799999999999997,2.305273457593635,24.799999999999997,2.305273457593635,14.466666666666665,1.1872336794093274,0.0,0.0,0.0,0.0,1.0,0.0
104000.0,10.765625,2.9465838775245698E-6,104000.0,0.9997,0.977318323613585,0.993,0.978328173374613,1.0,4.0,0.9937492138361671,0.9925,0.9778683042500151,104000.0,1484560.0,15.0,0.22355203883189637,0.7764479611681036,99788.13333333333,291.73761858086937,70345.6,6477.294108763981,48.733333333333334,4.463609472591608,24.866666666666667,2.231804736295804,24.866666666666667,2.231804736295804,14.466666666666665,1.1872336794093274,0.0,0.0,0.0,0.0,1.0,0.0
105000.0,10.890625,2.994677633978428E-6,105000.0,0.9998231317471963,0.9756511787444313,0.996,0.9868986479404674,0.9997,4.319148936170213,0.9934409145211337,0.9975369458128078,0.9873042742276766,105000.0,1487240.0,15.0,0.23537801766310398,0.7646219823368962,100781.46666666666,305.96285177561566,70523.2,6573.488432440463,48.733333333333334,4.463609472591608,24.866666666666667,2.231804736295804,24.866666666666667,2.231804736295804,14.466666666666665,1.1872336794093274,0.0,0.0,0.0,0.0,1.0,0.0
106000.0,10.984375,3.0308847393219685E-6,106000.0,0.999806434832052,0.9768801162840411,0.996,0.9879446175731309,0.9998231317471963,3.784688995215311,0.9957111982044784,0.9962073324905183,0.9872638250578234,106000.0,1492880.0,15.0,0.25795620669228553,0.7420437933077145,101770.40000000001,293.1966185733672,70896.53333333333,6319.012195257224,48.86666666666665,4.3730778090275875,24.933333333333326,2.1865389045137937,24.933333333333326,2.1865389045137937,14.466666666666665,1.1872336794093274,0.0,0.0,0.0,0.0,1.0,0.0
107000.0,11.109375,3.0794586443031842E-6,107000.0,0.9988,0.9576906637807522,0.989,0.9658172778123058,0.999806434832052,4.0,0.9856089488230106,0.99125,0.9648562300319489,107000.0,1502088.0,15.0,0.05429829808073301,0.945701701919267,102755.59999999999,287.69671530971806,71505.06666666665,6557.02571365431,49.4,4.672105673951675,25.2,2.3360528369758375,25.2,2.3360528369758375,14.466666666666665,1.1872336794093274,0.0,0.0,0.0,0.0,1.0,0.0
108000.0,11.21875,3.12251517445677E-6,108000.0,0.9979454385525615,0.9676273363316876,0.994,0.980814120807086,0.9988,4.181347150259067,0.9923366567066453,0.9950433705080545,0.9807623797648735,108000.0,1521680.0,15.0,0.08032111261035628,0.9196788873896439,103747.66666666667,284.5173021770296,72800.53333333333,7262.195160719723,50.199999999999996,5.059644256269407,25.599999999999998,2.5298221281347035,25.599999999999998,2.5298221281347035,14.733333333333334,1.2798809468443688,0.0,0.0,0.0,0.0,1.0,0.0
109000.0,11.375,3.1842874078493995E-6,109000.0,0.9984065144699779,0.9744879394218625,0.994,0.9812501171867676,0.9979454385525615,4.025125628140704,0.9924747752268581,0.9950062421972534,0.980698285275802,109000.0,1528184.0,15.0,0.12551916518006218,0.8744808348199378,104751.06666666665,296.2246894954364,73230.93333333333,7628.359638936303,50.46666666666667,5.316640543300503,25.733333333333334,2.6583202716502514,25.733333333333334,2.6583202716502514,14.866666666666667,1.4573295865416045,0.0,0.0,0.0,0.0,1.0,0.0
110000.0,11.484375,3.227537704838648E-6,110000.0,0.9998639076204928,0.9754918624394083,0.996,0.986390762049279,0.9984065144699779,4.58659217877095,0.993185773420653,0.997563946406821,0.9870823791908871,110000.0,1528528.0,15.0,0.11189980528625845,0.8881001947137415,105745.33333333334,300.15607051443135,73252.80000000002,7809.058359184085,50.733333333333334,5.175031630913224,25.866666666666667,2.587515815456612,25.866666666666667,2.587515815456612,14.866666666666667,1.4573295865416045,0.0,0.0,0.0,0.0,1.0,0.0
111000.0,11.578125,3.265070004595652E-6,111000.0,0.9977294721953398,0.9771462435879563,0.996,0.9876384493670886,0.9998639076204928,3.9504950495049505,0.995644875112557,0.9962406015037594,0.9870417931356525,111000.0,1547520.0,15.0,0.28878693304512254,0.7112130669548775,106749.80000000002,299.87311602456396,74508.26666666668,8204.810222116803,51.53333333333334,5.629852404391973,26.26666666666667,2.8149262021959864,26.26666666666667,2.8149262021959864,15.133333333333335,1.3020130933435712,0.0,0.0,0.0,0.0,1.0,0.0
112000.0,11.703125,3.3152804503010396E-6,112000.0,0.999244142101285,0.9794079386096963,0.996,0.9881499739299426,0.9977294721953398,3.6296296296296298,0.9923977611454646,0.9987244897959183,0.9870069605568446,112000.0,1552696.0,15.0,0.30530596959540307,0.6946940304045969,107748.73333333334,310.6648324082378,74850.13333333335,7597.458502370255,52.06666666666666,5.599319686567374,26.53333333333333,2.799659843283687,26.53333333333333,2.799659843283687,15.266666666666666,1.2227992865708157,0.0,0.0,0.0,0.0,1.0,0.0
113000.0,11.828125,3.3663011466463425E-6,113000.0,0.9988564657087838,0.9646175338284274,0.992,0.9762194940697363,0.999244142101285,3.6511627906976742,0.9864134050780491,0.9961783439490446,0.9739443723879522,113000.0,1577752.0,15.0,0.19233016140851908,0.807669838591481,108734.0,301.63767290291645,76507.2,7907.003362300321,53.0,5.756983337031395,27.0,2.8784916685156974,27.0,2.8784916685156974,15.666666666666668,1.3972762620115435,0.0,0.0,0.0,0.0,1.0,0.0
114000.0,11.953125,3.4175841655168287E-6,114000.0,0.9998251748251749,0.9796874209244786,0.994,0.9826308476146364,0.9988564657087838,3.5454545454545454,0.994521707442038,0.9935897435897436,0.9804095660890735,114000.0,1585864.0,15.0,0.16581746337647787,0.834182536623522,109726.66666666667,294.51331928809884,77044.26666666665,8031.212179158681,53.13333333333333,5.680375574437544,27.066666666666666,2.840187787218772,27.066666666666666,2.840187787218772,15.666666666666668,1.3972762620115435,0.0,0.0,0.0,0.0,1.0,0.0
115000.0,12.0625,3.462464729737906E-6,115000.0,0.9998318794014907,0.9771789489713105,0.996,0.9875466223326421,0.9998251748251749,3.9751243781094527,0.9937663352559176,0.9974968710888611,0.986900558150131,115000.0,1586144.0,15.0,0.25537274442393704,0.744627255576063,110722.99999999999,298.5479143167115,77062.93333333333,8021.839257094764,53.13333333333333,5.680375574437544,27.066666666666666,2.840187787218772,27.066666666666666,2.840187787218772,15.666666666666668,1.3972762620115435,0.0,0.0,0.0,0.0,1.0,0.0
116000.0,12.265625,3.5459829248591446E-6,116000.0,1.0,0.9902944457105554,0.998,0.9939297182782253,0.9998318794014907,3.8309178743961354,0.99873816984441,0.9974779319041615,0.9934320414460833,116000.0,1589352.0,15.0,0.26566207787636364,0.7343379221236364,111730.4,300.0473295998503,77274.13333333333,8438.118391024886,53.53333333333333,6.162868843400157,27.266666666666666,3.0814344217000786,27.266666666666666,3.0814344217000786,15.666666666666668,1.3972762620115435,0.0,0.0,0.0,0.0,1.0,0.0
117000.0,12.40625,3.6039906424573744E-6,117000.0,0.9999594710391626,0.987379223216065,0.997,0.9913291790466722,1.0,3.5045045045045047,0.9964619315915628,0.9974293059125964,0.9901251934167956,117000.0,1594504.0,15.0,0.2286502364410081,0.771349763558992,112721.13333333333,296.686671342647,77614.93333333333,8348.898639655297,53.66666666666666,6.0316624889786725,27.33333333333333,3.0158312444893363,27.33333333333333,3.0158312444893363,15.666666666666668,1.3972762620115435,0.0,0.0,0.0,0.0,1.0,0.0
118000.0,12.515625,3.6491134152230305E-6,118000.0,0.9999086207211653,0.9765864541610736,0.996,0.9878160961553691,0.9999594710391626,3.8309178743961354,0.99390163696568,0.9974779319041615,0.9867979413739092,118000.0,1594704.0,15.0,0.29465305685467325,0.7053469431453268,113734.46666666666,296.37400760011013,77628.26666666668,8338.184450095207,53.66666666666666,6.0316624889786725,27.33333333333333,3.0158312444893363,27.33333333333333,3.0158312444893363,15.666666666666668,1.3972762620115435,0.0,0.0,0.0,0.0,1.0,0.0
119000.0,12.625,3.6944351611762427E-6,119000.0,0.9986991890964865,0.9771877530582563,0.996,0.987056607925239,0.9999086207211653,4.2356020942408374,0.9935202537992813,0.9975278121137207,0.9867568093926494,119000.0,1601736.0,15.0,0.12510617778784347,0.8748938222121566,114727.2,278.6249911875876,78094.40000000001,8949.713585201642,53.79999999999999,6.360592964271717,27.399999999999995,3.1802964821358586,27.399999999999995,3.1802964821358586,15.733333333333333,1.3870146083619754,0.0,0.0,0.0,0.0,1.0,0.0
120000.0,12.765625,3.7528258851832828E-6,120000.0,0.9997866987873198,0.9789125593455514,0.993,0.9781662112762162,0.9986991890964865,4.025125628140704,0.9918519481964401,0.9937578027465668,0.9767583420950694,120000.0,1605032.0,15.0,0.07846270062051164,0.9215372993794883,115735.99999999999,283.58596580226305,78311.46666666666,9124.405686060301,54.199999999999996,6.493953231385993,27.599999999999998,3.2469766156929967,27.599999999999998,3.2469766156929967,15.799999999999999,1.4735767952260146,0.0,0.0,0.0,0.0,1.0,0.0
121000.0,12.890625,3.804989521288211E-6,121000.0,0.9999795861430739,0.9864114095140819,0.995,0.9831722355348537,0.9997866987873198,4.58659217877095,0.9969502826204787,0.9939098660170523,0.9833429696318934,121000.0,1613096.0,15.0,0.23894779235077285,0.761052207649227,116741.73333333334,286.3440654344396,78844.8,8945.778918414138,54.46666666666666,6.4792709760398495,27.73333333333333,3.2396354880199247,27.73333333333333,3.2396354880199247,15.799999999999999,1.4735767952260146,0.0,0.0,0.0,0.0,1.0,0.0
122000.0,13.015625,3.857258707284929E-6,122000.0,0.9987107892469299,0.9629080481812121,0.994,0.980103330039329,0.9999795861430739,4.347593582887701,0.9859335209915796,0.998769987699877,0.979949600087652,122000.0,1616360.0,15.0,0.17820818510791298,0.8217918148920871,117748.73333333332,289.0762298541139,79060.26666666666,8885.450510860574,54.733333333333334,6.452758730813916,27.866666666666667,3.226379365406958,27.866666666666667,3.226379365406958,15.799999999999999,1.4735767952260146,0.0,0.0,0.0,0.0,1.0,0.0
123000.0,13.15625,3.91633453546092E-6,123000.0,0.9999232331821618,0.9801503026172604,0.994,0.9823438014972457,0.9987107892469299,3.6296296296296298,0.9928171740270633,0.9948979591836735,0.9799041498747413,123000.0,1623864.0,15.0,0.3477277294088569,0.6522722705911431,118754.53333333334,290.3071936185291,79556.26666666666,8737.52308369456,55.0,6.279217421667403,28.0,3.1396087108337016,28.0,3.1396087108337016,15.866666666666665,1.5522640914238173,0.0,0.0,0.0,0.0,1.0,0.0
124000.0,13.265625,3.962424784226137E-6,124000.0,0.9997191326817212,0.9679910407998138,0.993,0.9753673779629525,0.9999232331821618,4.813953488372093,0.9865116612773506,0.9963768115942029,0.9764744145706852,124000.0,1628896.0,15.0,0.17973244585693346,0.8202675541430665,119750.73333333334,277.37274216338636,79889.0666666667,8797.42241038059,55.13333333333334,6.254902838878435,28.06666666666667,3.1274514194392173,28.06666666666667,3.1274514194392173,15.866666666666665,1.5522640914238173,0.0,0.0,0.0,0.0,1.0,0.0
125000.0,13.375,4.0086252718336065E-6,125000.0,0.9996166341780377,0.972592572021809,0.992,0.974216836405827,0.9997191326817212,4.2631578947368425,0.9910319114502169,0.9925925925925926,0.9730356468748315,125000.0,1632792.0,15.0,0.09084264243686188,0.9091573575631381,120753.33333333334,289.59199541686723,80146.66666666666,8914.711393987764,55.39999999999999,6.288311151879903,28.199999999999996,3.1441555759399513,28.199999999999996,3.1441555759399513,15.866666666666665,1.5522640914238173,0.0,0.0,0.0,0.0,1.0,0.0
126000.0,13.5,4.061432296617165E-6,126000.0,0.9998205146020056,0.9819219443892253,0.995,0.9855020355142138,0.9996166341780377,3.5045045045045047,0.9919428065712116,0.9974293059125964,0.9831135413316179,126000.0,1632992.0,15.0,0.19446053225554405,0.8055394677444558,121743.93333333333,290.5581984158533,80159.99999999999,8924.22295937139,55.39999999999999,6.288311151879903,28.199999999999996,3.1441555759399513,28.199999999999996,3.1441555759399513,15.866666666666665,1.5522640914238173,0.0,0.0,0.0,0.0,1.0,0.0
127000.0,13.609375,4.1077126904080324E-6,127000.0,0.999960230888101,0.9806367741085993,0.997,0.9914648579752366,0.9998205146020056,3.3859649122807016,0.9949593438886202,0.9987046632124352,0.9898497442455243,127000.0,1635616.0,15.0,0.21054505947238655,0.7894549405276134,122731.33333333333,276.94059875376865,80332.8,9115.396231494431,55.66666666666667,6.618876325292972,28.333333333333336,3.309438162646486,28.333333333333336,3.309438162646486,15.866666666666665,1.5522640914238173,0.0,0.0,0.0,0.0,1.0,0.0
128000.0,13.734375,4.160697701283628E-6,128000.0,0.9987859362859363,0.960919553636065,0.992,0.9755453389416022,0.999960230888101,3.8076923076923075,0.9842263141429605,0.9974747474747475,0.9728698601102161,128000.0,1638496.0,15.0,0.3028355516192464,0.6971644483807536,123732.8,259.68915484258594,80523.73333333332,9366.183972649897,55.66666666666667,6.618876325292972,28.333333333333336,3.309438162646486,28.333333333333336,3.309438162646486,15.866666666666665,1.5522640914238173,0.0,0.0,0.0,0.0,1.0,0.0
129000.0,13.875,4.220500834182734E-6,129000.0,0.9999942652329749,0.988772358640284,0.999,0.9971280873061459,0.9987859362859363,3.4444444444444446,0.9977753031397177,1.0,0.9966024915062288,129000.0,1643856.0,15.0,0.17151954768520614,0.828480452314794,124718.13333333333,259.4394690390037,80876.8,9805.834205060926,56.199999999999996,6.4939532313859925,28.599999999999998,3.2469766156929962,28.599999999999998,3.2469766156929962,15.866666666666665,1.5522640914238173,0.0,0.0,0.0,0.0,1.0,0.0
130000.0,14.0,4.273665642055374E-6,130000.0,0.9998777237044827,0.9801975366588072,0.995,0.9847974411052868,0.9999942652329749,3.854368932038835,0.9950539196203136,0.9949622166246851,0.982973149967256,130000.0,1644056.0,15.0,0.2226715087230618,0.7773284912769383,125722.26666666666,265.72608524748347,80890.13333333333,9817.261749931426,56.199999999999996,6.4939532313859925,28.599999999999998,3.2469766156929962,28.599999999999998,3.2469766156929962,15.866666666666665,1.5522640914238173,0.0,0.0,0.0,0.0,1.0,0.0
131000.0,14.109375,4.320258190596685E-6,131000.0,0.9999168831168831,0.9866586398043767,0.999,0.9965289829920166,0.9998777237044827,4.714285714285714,0.9971387638065798,1.0,0.9965840938722295,131000.0,1646648.0,15.0,0.5054165226921692,0.4945834773078307,126717.8,268.9121470985346,81061.33333333333,9523.613559888665,56.33333333333333,6.789347398332044,28.666666666666664,3.394673699166022,28.666666666666664,3.394673699166022,15.866666666666665,1.5522640914238173,0.0,0.0,0.0,0.0,1.0,0.0
132000.0,14.234375,4.373511215413198E-6,132000.0,0.9997569773093551,0.9768723948875887,0.997,0.9903881890066514,0.9999168831168831,4.154639175257732,0.9942146737643393,0.9987593052109182,0.9897260273972602,132000.0,1646784.0,15.0,0.10899866505376782,0.8910013349462322,127719.8,276.7658112659755,81069.33333333333,9197.891269716325,56.6,6.8535704980271825,28.8,3.4267852490135913,28.8,3.4267852490135913,15.866666666666665,1.5522640914238173,0.0,0.0,0.0,0.0,1.0,0.0
133000.0,14.375,4.433809986544982E-6,133000.0,0.9999872093320713,0.9868668538739455,0.997,0.9904629900433616,0.9997569773093551,4.154639175257732,0.9981372228470163,0.9962779156327544,0.9897000361402241,133000.0,1657480.0,15.0,0.25848683673777734,0.7415131632622227,128715.26666666666,278.2574518747139,81774.93333333333,9281.47272386282,57.4,6.977514907595273,29.2,3.4887574537976365,29.2,3.4887574537976365,15.866666666666665,1.5522640914238173,0.0,0.0,0.0,0.0,1.0,0.0
134000.0,14.5,4.487573169171813E-6,134000.0,0.9999675113710201,0.9831348823813232,0.998,0.993528345845198,0.9999872093320713,4.2631578947368425,0.9987646690775215,0.9975308641975309,0.9931154952733251,134000.0,1662560.0,15.0,0.292479991813157,0.7075200081868429,129701.39999999998,289.32897736462894,82111.46666666667,9817.112274468689,57.4,6.977514907595273,29.2,3.4887574537976365,29.2,3.4887574537976365,15.866666666666665,1.5522640914238173,0.0,0.0,0.0,0.0,1.0,0.0
135000.0,14.625,4.541498039745624E-6,135000.0,0.999825,0.9766919167658344,0.993,0.978247358607831,0.9999675113710201,4.0,0.9918732277866965,0.99375,0.9758484972398282,135000.0,1667560.0,15.0,0.12848014943069286,0.8715198505693071,130696.66666666666,295.57224562017586,82442.66666666667,9675.139117985898,57.4,6.977514907595273,29.2,3.4887574537976365,29.2,3.4887574537976365,15.866666666666665,1.5522640914238173,0.0,0.0,0.0,0.0,1.0,0.0
136000.0,14.734375,4.588763565859863E-6,136000.0,0.9995964882247927,0.9774271114886319,0.995,0.9847428871339818,0.999825,3.854368932038835,0.9932520362390864,0.9962216624685138,0.9827121574210607,136000.0,1670432.0,15.0,0.23410242424498157,0.7658975757550185,131676.6,301.38816926254765,82632.53333333334,9568.57688975942,57.533333333333324,6.906173911453295,29.266666666666662,3.4530869557266475,29.266666666666662,3.4530869557266475,15.866666666666665,1.5522640914238173,0.0,0.0,0.0,0.0,1.0,0.0
137000.0,14.859375,4.642956709075307E-6,137000.0,0.9999640839000096,0.9819658562804204,0.997,0.9910671748451644,0.9995964882247927,3.7169811320754715,0.9980946314859204,0.9961928934010152,0.9896070399028979,137000.0,1675856.0,15.0,0.3219479857702867,0.6780520142297133,132684.00000000003,285.1074985234144,82990.93333333332,9690.865149839872,57.8,6.752777206453653,29.4,3.3763886032268267,29.4,3.3763886032268267,15.866666666666665,1.5522640914238173,0.0,0.0,0.0,0.0,1.0,0.0
138000.0,14.984375,4.697328097083504E-6,138000.0,1.0,0.9868815115884216,1.0,1.0,0.9999640839000096,4.376344086021505,1.0,1.0,1.0,138000.0,1681368.0,15.0,0.12263318811633107,0.8773668118836689,133683.60000000003,281.4891015398416,83355.2,9812.772923956962,58.066666666666656,6.797758734283222,29.533333333333328,3.398879367141611,29.533333333333328,3.398879367141611,15.866666666666665,1.5522640914238173,0.0,0.0,0.0,0.0,1.0,0.0
139000.0,15.109375,4.751744240315426E-6,139000.0,0.9997401977305921,0.9727836915824897,0.994,0.9790315365690002,1.0,4.813953488372093,0.9917647647564998,0.9951690821256038,0.9790998396150762,139000.0,1682752.0,15.0,0.2229943525152494,0.7770056474847508,134695.46666666667,280.5916877565925,83446.93333333333,9723.139230476858,58.199999999999996,6.794956112546171,29.599999999999998,3.3974780562730853,29.599999999999998,3.3974780562730853,15.866666666666665,1.5522640914238173,0.0,0.0,0.0,0.0,1.0,0.0
140000.0,15.234375,4.806320519290038E-6,140000.0,1.0,0.9899129328844191,0.999,0.9967445797252426,0.9997401977305921,4.291005291005291,0.9993832870212069,0.998766954377312,0.9965081186241987,140000.0,1687704.0,15.0,0.09307532505296283,0.9069246749470371,135690.93333333332,274.61205536608327,83774.4,9503.860605038355,58.333333333333336,7.118052168020874,29.666666666666668,3.559026084010437,29.666666666666668,3.559026084010437,15.866666666666665,1.5522640914238173,0.0,0.0,0.0,0.0,1.0,0.0
141000.0,15.375,4.867823606926122E-6,141000.0,0.9999475945917619,0.9807959640365337,0.997,0.9901538623116105,1.0,4.319148936170213,0.9940539605001949,0.9987684729064039,0.9894987711327922,141000.0,1690584.0,15.0,0.20692551798178355,0.7930744820182163,136684.93333333332,265.20139696536484,83962.66666666667,9243.230439212308,59.0,7.782764841072135,30.0,3.8913824205360674,30.0,3.8913824205360674,15.933333333333332,1.5796322658258455,0.0,0.0,0.0,0.0,1.0,0.0
142000.0,15.46875,4.908966915940661E-6,142000.0,0.9994288760280231,0.9753264705800481,0.993,0.9779174237835655,0.9999475945917619,4.1020408163265305,0.9917865048052523,0.9937810945273632,0.9754428440842947,142000.0,1696408.0,15.0,0.25853993676637765,0.7414600632336223,137678.59999999998,274.5647984928674,84347.73333333334,9952.59936948754,59.266666666666666,7.666873703208655,30.133333333333333,3.8334368516043273,30.133333333333333,3.8334368516043273,15.933333333333332,1.5796322658258455,0.0,0.0,0.0,0.0,1.0,0.0
143000.0,15.578125,4.957193127160687E-6,143000.0,0.9999079135176379,0.9806492066692628,0.996,0.9868987337626182,0.9994288760280231,4.347593582887701,0.9954808397625704,0.996309963099631,0.9859335038363172,143000.0,1704384.0,15.0,0.02852706030057211,0.9714729396994278,138673.93333333335,287.8525085293953,84874.66666666667,10035.477941972145,59.666666666666664,7.546680127869536,30.333333333333332,3.773340063934768,30.333333333333332,3.773340063934768,15.933333333333332,1.5796322658258455,0.0,0.0,0.0,0.0,1.0,0.0
144000.0,15.671875,4.998896005822141E-6,144000.0,0.9998842029690359,0.9786361727451883,0.994,0.9827415606231447,0.9999079135176379,3.5045045045045047,0.9945339157287335,0.993573264781491,0.9788680722007533,144000.0,1719480.0,15.0,0.29115691568637175,0.7088430843136283,139675.66666666666,284.4834081696367,85873.06666666667,10265.691817663246,60.06666666666667,7.704049646282204,30.533333333333335,3.852024823141102,30.533333333333335,3.852024823141102,15.933333333333332,1.5796322658258455,0.0,0.0,0.0,0.0,1.0,0.0
145000.0,15.8125,5.061965170575101E-6,145000.0,0.9961687559458707,0.9682539528883036,0.991,0.9709354897047046,0.9998842029690359,4.2356020942408374,0.9864109467296507,0.9938195302843016,0.968230396572291,145000.0,1733632.0,15.0,0.10358467626457507,0.896415323735425,140659.33333333334,263.92901282261886,86810.13333333333,10179.178958377079,60.599999999999994,7.790103612001208,30.799999999999997,3.895051806000604,30.799999999999997,3.895051806000604,16.0,1.6475089420958275,0.0,0.0,0.0,0.0,1.0,0.0
146000.0,16.015625,5.154711737607919E-6,146000.0,0.9999732461156704,0.9851544436539722,0.997,0.9899885201697947,0.9961687559458707,4.46448087431694,0.9960426274270048,0.9975520195838433,0.9893843916626273,146000.0,1764968.0,15.0,0.14557439109894996,0.8544256089010501,141654.4666666667,244.9597245807176,88879.46666666667,9839.850157589264,62.33333333333333,7.470577207252719,31.666666666666664,3.7352886036263593,31.666666666666664,3.7352886036263593,16.53333333333334,1.7265434778633235,0.0,0.0,0.0,0.0,1.0,0.0
147000.0,16.125,5.2048833135308515E-6,147000.0,0.9999527789583038,0.9874350893158284,0.998,0.9932541369005458,0.9999732461156704,4.524861878453039,0.9966247452093718,0.9987789987789988,0.9929055766028811,147000.0,1773136.0,15.0,0.12259332420783131,0.8774066757921687,142635.8,247.1365151952642,89419.20000000001,10279.086474140448,62.73333333333332,7.166057559940541,31.86666666666666,3.5830287799702707,31.86666666666666,3.5830287799702707,16.53333333333334,1.7265434778633235,0.0,0.0,0.0,0.0,1.0,0.0
148000.0,16.296875,5.284018892173968E-6,148000.0,0.9990025031524664,0.9770746823879243,0.995,0.984345648090169,0.9999527789583038,4.025125628140704,0.9930972116475464,0.9962546816479401,0.9822286263208453,148000.0,1779760.0,15.0,0.23046439540949967,0.7695356045905004,143647.2666666667,250.89453295491563,89857.6,9635.995943781392,63.00000000000001,7.329003050503235,32.0,3.6645015252516173,32.0,3.6645015252516173,16.599999999999998,1.7237832147426693,0.0,0.0,0.0,0.0,1.0,0.0
149000.0,16.4375,5.349401229371629E-6,149000.0,0.9998461651651049,0.974537446901405,0.994,0.9800193146624929,0.9990025031524664,4.46448087431694,0.9920829527754783,0.9951040391676866,0.978624201994118,149000.0,1797216.0,15.0,0.25724812724203655,0.7427518727579635,144638.66666666666,271.70537264435984,91012.26666666666,9878.490511254864,63.400000000000006,7.179335424874446,32.2,3.589667712437223,32.2,3.589667712437223,16.73333333333333,1.533747356112131,0.0,0.0,0.0,0.0,1.0,0.0
150000.0,16.609375,5.429479804459134E-6,150000.0,0.9999086207211653,0.9804929590567483,0.996,0.9878594365564506,0.9998461651651049,3.8309178743961354,0.9956928521575381,0.9962168978562421,0.9857244825124911,150000.0,1800968.0,15.0,0.3101707954899174,0.6898292045100826,145612.6,263.82672885275093,91259.73333333332,10190.964677922631,64.06666666666666,7.085867893880312,32.53333333333333,3.542933946940156,32.53333333333333,3.542933946940156,16.73333333333333,1.533747356112131,0.0,0.0,0.0,0.0,1.0,0.0
151000.0,16.734375,5.487910206688363E-6,151000.0,0.9997174978009772,0.9713619745127481,0.995,0.9838532584124523,0.9999086207211653,4.181347150259067,0.9889697346451358,0.9987608426270136,0.9821187504440707,151000.0,1806888.0,15.0,0.11360797606293958,0.8863920239370604,146623.26666666663,251.50900769631806,91652.26666666668,10346.096734425751,64.06666666666666,7.085867893880312,32.53333333333333,3.542933946940156,32.53333333333333,3.542933946940156,16.73333333333333,1.533747356112131,0.0,0.0,0.0,0.0,1.0,0.0
152000.0,16.890625,5.561148379153263E-6,152000.0,0.9996550494331702,0.9705034985940754,0.995,0.9853110531387341,0.9997174978009772,3.5662100456621006,0.9901909596463425,0.998719590268886,0.9820932095565713,152000.0,1811840.0,15.0,0.15685931706690437,0.8431406829330956,147608.2,249.19074736319737,91979.73333333332,10061.326861280468,64.2,7.0020405189181405,32.6,3.5010202594590702,32.6,3.5010202594590702,16.73333333333333,1.533747356112131,0.0,0.0,0.0,0.0,1.0,0.0
153000.0,17.046875,5.634491002031914E-6,153000.0,0.9999880279666699,0.9881649041838269,0.997,0.9910364279567836,0.9996550494331702,3.7169811320754715,0.9963718782840395,0.9974619289340102,0.9892389928259953,153000.0,1814424.0,15.0,0.18797335717168157,0.8120266428283184,148612.40000000002,253.0081308687778,92150.40000000001,9925.921366373428,64.33333333333333,6.955641766289607,32.66666666666667,3.477820883144803,32.66666666666667,3.477820883144803,16.73333333333333,1.533747356112131,0.0,0.0,0.0,0.0,1.0,0.0
154000.0,17.1875,5.700653030847511E-6,154000.0,0.9986869151710385,0.9828620313446398,0.997,0.9907794443078436,0.9999880279666699,3.8780487804878048,0.9944839428691826,0.9987421383647799,0.9892204671130918,154000.0,1818648.0,15.0,0.098571650527324,0.9014283494726758,149627.4,264.4103412717275,92429.86666666667,10131.0383466332,64.6,7.13942774817622,32.800000000000004,3.5697138740881087,32.800000000000004,3.5697138740881087,16.73333333333333,1.533747356112131,0.0,0.0,0.0,0.0,1.0,0.0
155000.0,17.34375,5.774574496576357E-6,155000.0,0.9999872093320713,0.9851169101276251,0.998,0.9935795366993683,0.9986869151710385,4.154639175257732,0.994832006747614,1.0,0.9927995726197942,155000.0,1828744.0,15.0,0.19110357418516088,0.8088964258148391,150613.0,261.342413593462,93097.6,9795.143846387788,64.86666666666667,7.029190836043918,32.93333333333334,3.514595418021959,32.93333333333334,3.514595418021959,16.73333333333333,1.533747356112131,0.0,0.0,0.0,0.0,1.0,0.0
156000.0,17.484375,5.841398637534845E-6,156000.0,0.99970694799659,0.9732820666066432,0.994,0.9800191815856777,0.9999872093320713,4.434782608695652,0.9899894565301798,0.9963235294117647,0.9783518745518884,156000.0,1836848.0,15.0,0.09732677615888925,0.9026732238411107,151606.73333333334,262.4171887517575,93634.13333333333,10017.233363891783,65.0,7.091242083423348,33.0,3.545621041711674,33.0,3.545621041711674,16.73333333333333,1.533747356112131,0.0,0.0,0.0,0.0,1.0,0.0
157000.0,17.640625,5.915700069939099E-6,157000.0,0.999925,0.9753845267110749,0.994,0.9813200498132004,0.99970694799659,4.0,0.992496851380396,0.995,0.9783134194350438,157000.0,1838144.0,15.0,0.2371962208475267,0.7628037791524732,152613.6,252.56676627887927,93718.93333333333,9779.47418588448,65.4,7.018343312858303,33.2,3.5091716564291513,33.2,3.5091716564291513,16.73333333333333,1.533747356112131,0.0,0.0,0.0,0.0,1.0,0.0
158000.0,17.765625,5.975507794775898E-6,158000.0,0.9986756827256857,0.9766588965744109,0.997,0.9899885201697947,0.999925,4.46448087431694,0.9960426274270048,0.9975520195838433,0.9891334250343878,158000.0,1849480.0,15.0,0.2304853484829943,0.7695146515170057,153606.6,238.6551008104666,94468.8,9715.537505901124,65.8,6.961116495013058,33.400000000000006,3.480558247506527,33.400000000000006,3.480558247506527,16.866666666666664,1.5055453054181624,0.0,0.0,0.0,0.0,1.0,0.0
159000.0,17.90625,6.0428811250151045E-6,159000.0,1.0,0.9874667703075717,0.999,0.9969264814359479,0.9986756827256857,3.8780487804878048,0.9975579939128913,1.0,0.9963719338277239,159000.0,1851944.0,15.0,0.15690348607942314,0.8430965139205767,154613.53333333333,242.09026258420994,94631.46666666666,9821.075165658993,65.93333333333332,6.963852245362341,33.46666666666667,3.4819261226811693,33.46666666666667,3.4819261226811693,16.866666666666664,1.5055453054181624,0.0,0.0,0.0,0.0,1.0,0.0
160000.0,18.03125,6.102794399743694E-6,160000.0,0.9992811496731667,0.981655665424152,0.996,0.9878160961553691,1.0,3.8309178743961354,0.99390163696568,0.9974779319041615,0.9854651162790697,160000.0,1852744.0,15.0,0.11170878119986578,0.8882912188001341,155615.46666666665,249.271185277248,94684.8,9816.895895779453,65.93333333333332,6.963852245362341,33.46666666666667,3.4819261226811693,33.46666666666667,3.4819261226811693,16.866666666666664,1.5055453054181624,0.0,0.0,0.0,0.0,1.0,0.0
161000.0,18.171875,6.170386299749631E-6,161000.0,0.9997427838317681,0.9840237546658622,0.997,0.9906073888541014,0.9992811496731667,4.025125628140704,0.9962381957145809,0.9975031210986267,0.9890800569736158,161000.0,1857952.0,15.0,0.12690288871885744,0.8730971112811424,156607.19999999998,258.7426189423467,95028.26666666668,9877.721364382625,66.33333333333336,7.470577207252713,33.66666666666667,3.7352886036263584,33.66666666666667,3.7352886036263584,16.866666666666664,1.5055453054181624,0.0,0.0,0.0,0.0,1.0,0.0
162000.0,18.296875,6.23156927758828E-6,162000.0,0.9949092678355829,0.9635318290147497,0.992,0.9758049394216171,0.9997427838317681,3.7393364928909953,0.9844293819061697,0.9974651457541192,0.9708383961117861,162000.0,1892008.0,15.0,0.20953410465420483,0.7904658953457951,157601.9333333333,249.66304911869088,97279.46666666669,9849.062710058586,67.93333333333332,7.47822235051951,34.46666666666666,3.739111175259755,34.46666666666666,3.739111175259755,17.6,1.5023790657297036,0.0,0.0,0.0,0.0,1.0,0.0
163000.0,18.421875,6.2931020187938395E-6,163000.0,0.9992460474116451,0.9841268938375664,0.994,0.9807389810920998,0.9949092678355829,4.2356020942408374,0.9942918518575156,0.9938195302843016,0.9780879618219702,163000.0,1902824.0,15.0,0.24278122487590556,0.7572187751240945,158591.2,260.0852058186247,97994.66666666667,10795.394432459656,68.33333333333333,7.880053178452422,34.666666666666664,3.940026589226211,34.666666666666664,3.940026589226211,17.6,1.5023790657297036,0.0,0.0,0.0,0.0,1.0,0.0
164000.0,18.546875,6.3547343597747405E-6,164000.0,0.9998097548215262,0.9736171355053559,0.995,0.9851117807501281,0.9992460474116451,3.6728971962616823,0.9917017949565748,0.9974554707379135,0.9817156108546837,164000.0,1905904.0,15.0,0.18220579104495035,0.8177942089550495,159589.06666666665,253.44609645746138,98197.33333333333,10671.886770299581,68.73333333333335,7.7040496462822015,34.866666666666674,3.8520248231411007,34.866666666666674,3.8520248231411007,17.6,1.5023790657297036,0.0,0.0,0.0,0.0,1.0,0.0
165000.0,18.65625,6.408818395963561E-6,165000.0,0.9996549539206645,0.9745608850164379,0.995,0.984345648090169,0.9998097548215262,4.025125628140704,0.9930972116475464,0.9962546816479401,0.9816853882697687,165000.0,1911408.0,15.0,0.154044927251301,0.8459550727486989,160597.7333333333,264.96723966415175,98561.06666666668,10890.382804938272,69.0,7.928249671720918,35.0,3.964124835860459,35.0,3.964124835860459,17.6,1.5023790657297036,0.0,0.0,0.0,0.0,1.0,0.0
166000.0,18.796875,6.478535166631144E-6,166000.0,0.9999877281791686,0.9832483870903573,0.998,0.993886222602635,0.9996549539206645,3.8780487804878048,0.9987413462601614,0.9974842767295597,0.9926631455658439,166000.0,1916360.0,15.0,0.13256481660725386,0.8674351833927462,161596.6,272.9209199959348,98888.53333333334,10475.567423204111,69.13333333333335,7.689200837786037,35.06666666666668,3.8446004188930183,35.06666666666668,3.8446004188930183,17.6,1.5023790657297036,0.0,0.0,0.0,0.0,1.0,0.0
167000.0,18.90625,6.53311290079728E-6,167000.0,0.9993668619375303,0.9652011095677482,0.995,0.9838536755492979,0.9999877281791686,4.154639175257732,0.987029282303069,1.0,0.9816261414897128,167000.0,1928856.0,15.0,0.0790841570747664,0.9209158429252335,162591.06666666668,276.68637910267955,99714.66666666667,10642.67793009868,69.53333333333332,7.726269351714202,35.26666666666666,3.863134675857101,35.26666666666666,3.863134675857101,17.6,1.5023790657297036,0.0,0.0,0.0,0.0,1.0,0.0
168000.0,19.03125,6.595600765043251E-6,168000.0,0.999947379152936,0.9830508414370058,0.996,0.9869522386696502,0.9993668619375303,4.347593582887701,0.997536942072577,0.995079950799508,0.985273492286115,168000.0,1932360.0,15.0,0.12630210857009788,0.8736978914299021,163592.99999999997,272.87621474110006,99946.13333333333,10547.68219540379,69.8,7.775419143502355,35.4,3.8877095717511776,35.4,3.8877095717511776,17.6,1.5023790657297036,0.0,0.0,0.0,0.0,1.0,0.0
169000.0,19.171875,6.666314050865673E-6,169000.0,0.9981468531468531,0.9630486750804911,0.99,0.9706710464570624,0.999947379152936,3.5454545454545454,0.9820682470979509,0.9961538461538462,0.963142283869842,169000.0,1943752.0,15.0,0.07158892517145338,0.9284110748285466,164581.60000000003,291.4583528200321,100700.26666666668,11201.94957181667,70.06666666666666,8.03089273339136,35.53333333333333,4.01544636669568,35.53333333333333,4.01544636669568,17.666666666666668,1.5886502207249786,0.0,0.0,0.0,0.0,1.0,0.0
170000.0,19.3125,6.737149572776013E-6,170000.0,1.0,0.9845396111942707,0.998,0.993449366881309,0.9981468531468531,4.291005291005291,0.9946949227868761,1.0,0.9926152776872788,170000.0,1947112.0,15.0,0.20742951075801644,0.7925704892419836,165591.0,297.2536194661273,100920.53333333331,11763.336539960976,70.73333333333333,8.379112352124405,35.86666666666667,4.189556176062203,35.86666666666667,4.189556176062203,17.733333333333334,1.667618775665584,0.0,0.0,0.0,0.0,1.0,0.0
171000.0,19.453125,6.808484807455294E-6,171000.0,0.9992216638957901,0.9735902539155267,0.995,0.9843458441347008,1.0,3.9751243781094527,0.9893800305177619,0.9987484355444305,0.9815103152977812,171000.0,1960848.0,15.0,0.17752122391545272,0.8224787760845473,166582.8666666667,293.09478395384235,101829.86666666665,11106.86808026372,71.0,8.071112509614592,36.0,4.035556254807296,36.0,4.035556254807296,17.733333333333334,1.667618775665584,0.0,0.0,0.0,0.0,1.0,0.0
172000.0,19.625,6.895938390193303E-6,172000.0,0.9996777021452146,0.9794417761912132,0.996,0.987056691690396,0.9992216638957901,4.208333333333333,0.9915425931894761,0.9987623762376238,0.9851832708790972,172000.0,1966832.0,15.0,0.2304942632500232,0.7695057367499768,167590.5333333333,291.6335436974414,102225.59999999999,11568.551735508769,71.26666666666668,8.447033855287954,36.13333333333334,4.223516927643977,36.13333333333334,4.223516927643977,17.733333333333334,1.667618775665584,0.0,0.0,0.0,0.0,1.0,0.0
173000.0,19.765625,6.967543417380918E-6,173000.0,0.9983300844704354,0.9746574112739989,0.995,0.9837228986262126,0.9996777021452146,4.2631578947368425,0.9908483117349982,0.9975308641975309,0.9814473232669869,173000.0,1968264.0,15.0,0.07985306153311508,0.9201469384668849,168592.8666666667,297.1036054660839,102320.00000000001,11813.467955806082,71.53333333333333,8.192912151598449,36.266666666666666,4.0964560757992245,36.266666666666666,4.0964560757992245,17.8,1.567527625639452,0.0,0.0,0.0,0.0,1.0,0.0
174000.0,19.90625,7.03926864338832E-6,174000.0,0.9999117184879143,0.9822916587970323,0.994,0.9824605508556328,0.9983300844704354,3.608294930875576,0.9945026074369796,0.9936143039591315,0.9777118336500075,174000.0,1971568.0,15.0,0.12820302820091015,0.8717969717990899,169582.59999999998,292.5190592081173,102538.13333333335,11274.793313700548,71.8,8.376838817324145,36.4,4.188419408662073,36.4,4.188419408662073,17.8,1.567527625639452,0.0,0.0,0.0,0.0,1.0,0.0
175000.0,20.0625,7.118998910300436E-6,175000.0,1.0,0.9913708096781211,1.0,1.0,0.9999117184879143,3.6296296296296298,1.0,1.0,1.0,175000.0,1972448.0,15.0,0.19008435429153497,0.809915645708465,170588.5333333333,293.2183161952653,102594.66666666667,11278.154526508737,72.33333333333334,8.541216596737314,36.66666666666667,4.270608298368657,36.66666666666667,4.270608298368657,17.866666666666664,1.5055453054181624,0.0,0.0,0.0,0.0,1.0,0.0
176000.0,20.21875,7.199153769761327E-6,176000.0,0.9999111584932481,0.9813700874426375,0.997,0.9904628687690743,1.0,4.1020408163265305,0.9942659749366068,0.9987562189054726,0.9888261062789664,176000.0,1982952.0,15.0,0.017416520632462143,0.9825834793675378,171602.06666666665,298.581041084729,103289.6,11864.908625257687,72.6,8.65860430851466,36.8,4.32930215425733,36.8,4.32930215425733,17.866666666666664,1.5055453054181624,0.0,0.0,0.0,0.0,1.0,0.0
177000.0,20.375,7.279945679733325E-6,177000.0,0.9999247172190541,0.9853042797095513,0.997,0.9905718487975964,0.9999111584932481,4.025125628140704,0.9943409155934344,0.9987515605493134,0.9888097445840006,177000.0,1998712.0,15.0,0.29763019638752575,0.7023698036124743,172585.86666666667,300.4089752004011,104331.20000000001,12459.239435627107,73.26666666666667,8.811248222476499,37.13333333333333,4.405624111238249,37.13333333333333,4.405624111238249,17.866666666666664,1.5055453054181624,0.0,0.0,0.0,0.0,1.0,0.0
178000.0,20.5,7.3447390847529E-6,178000.0,0.9998076875356708,0.9830998972366938,0.994,0.9814576740506329,0.9999247172190541,3.9504950495049505,0.9925402297114823,0.9949874686716792,0.977588450077643,178000.0,2003656.0,15.0,0.10290332973490696,0.897096670265093,173582.13333333333,281.84364121838314,104658.13333333333,12415.526672372014,73.39999999999999,8.88658700353677,37.199999999999996,4.443293501768385,37.199999999999996,4.443293501768385,17.866666666666664,1.5055453054181624,0.0,0.0,0.0,0.0,1.0,0.0
179000.0,20.640625,7.417755938755971E-6,179000.0,0.9990384376783543,0.975657180320051,0.996,0.987546699875467,0.9998076875356708,3.9504950495049505,0.9919243887026116,0.9987468671679198,0.9850384486793714,179000.0,2007072.0,15.0,0.14292211028638674,0.8570778897136133,174581.46666666667,284.4704018414009,104883.73333333334,12150.56207674988,73.66666666666667,8.80476061706447,37.333333333333336,4.402380308532235,37.333333333333336,4.402380308532235,17.866666666666664,1.5055453054181624,0.0,0.0,0.0,0.0,1.0,0.0
180000.0,20.765625,7.482847366999423E-6,180000.0,0.9992525498643408,0.9803026798140578,0.997,0.9911865283147467,0.9990384376783543,3.608294930875576,0.9964181840578057,0.9974457215836526,0.988767083394005,180000.0,2012872.0,15.0,0.21918419748021967,0.7808158025197802,175566.6,292.1513306490304,105266.66666666667,12821.04686313355,74.06666666666666,8.581264198129274,37.53333333333333,4.290632099064637,37.53333333333333,4.290632099064637,17.93333333333333,1.6242214252050857,0.0,0.0,0.0,0.0,1.0,0.0
181000.0,20.921875,7.564542142467369E-6,181000.0,0.999835451007326,0.9781396984297517,0.998,0.9928115475300477,0.9992525498643408,4.9523809523809526,0.9940297973880049,1.0,0.9924960096183744,181000.0,2021048.0,15.0,0.030627348264933785,0.9693726517350661,176567.1333333333,305.34544060005805,105806.93333333333,12351.411483635999,74.46666666666668,8.08761545880637,37.73333333333334,4.043807729403185,37.73333333333334,4.043807729403185,18.0,1.6035674514745464,0.0,0.0,0.0,0.0,1.0,0.0
182000.0,21.03125,7.621877884957942E-6,182000.0,0.9998096253426744,0.9772046934313803,0.995,0.9841047812817905,0.999835451007326,4.1020408163265305,0.9910824336519293,0.9975124378109452,0.981212709292483,182000.0,2026328.0,15.0,0.3661163338032082,0.6338836661967918,177569.3333333333,317.34493776301287,106156.79999999999,11904.986825456204,74.46666666666668,8.08761545880637,37.73333333333334,4.043807729403185,37.73333333333334,4.043807729403185,18.0,1.6035674514745464,0.0,0.0,0.0,0.0,1.0,0.0
183000.0,21.171875,7.695805979892615E-6,183000.0,0.999438384399824,0.9820403865596177,0.997,0.9913012213085283,0.9998096253426744,3.5045045045045047,0.994845326495725,0.9987146529562982,0.9887174006864095,183000.0,2032120.0,15.0,0.10454247246772146,0.8954575275322785,178567.33333333334,332.0139125025299,106540.26666666666,12239.61899189132,74.60000000000001,8.322087650171849,37.800000000000004,4.161043825085924,37.800000000000004,4.161043825085924,18.0,1.6035674514745464,0.0,0.0,0.0,0.0,1.0,0.0
184000.0,21.3125,7.770177617203448E-6,184000.0,0.9999044433827042,0.9830334958510233,0.994,0.9810360630866968,0.999438384399824,4.128205128205129,0.9943301599334783,0.9937888198757764,0.9774020551029599,184000.0,2044312.0,15.0,0.1971918066093906,0.8028081933906094,179568.53333333333,324.16130611310894,107348.26666666668,11861.695900590908,74.73333333333333,8.447033855287959,37.86666666666667,4.2235169276439795,37.86666666666667,4.2235169276439795,18.0,1.6035674514745464,0.0,0.0,0.0,0.0,1.0,0.0
185000.0,21.4375,7.836398791470052E-6,185000.0,0.9999307287337212,0.9834029150443979,0.995,0.9843458441347008,0.9999044433827042,4.05050505050505,0.9949809813904983,0.9950124688279302,0.9811424610617304,185000.0,2047808.0,15.0,0.1954249513657793,0.8045750486342207,180544.00000000003,298.12677073448015,107578.66666666667,11880.925280625643,75.13333333333333,8.399546473017514,38.06666666666666,4.199773236508757,38.06666666666666,4.199773236508757,18.133333333333336,1.641718031587061,0.0,0.0,0.0,0.0,1.0,0.0
186000.0,21.578125,7.911218918808223E-6,186000.0,0.9997769740807716,0.9766993979695869,0.995,0.9849042932190085,0.9999307287337212,3.761904761904762,0.9915739037055915,0.9974683544303797,0.9811213511428687,186000.0,2056640.0,15.0,0.22242220618677178,0.7775777938132283,181531.06666666665,299.9172425535964,108163.73333333334,12042.49575145491,75.26666666666667,8.581264198129274,38.13333333333333,4.290632099064637,38.13333333333333,4.290632099064637,18.133333333333336,1.641718031587061,0.0,0.0,0.0,0.0,1.0,0.0
187000.0,21.703125,7.977825815841145E-6,187000.0,0.9999395108850162,0.9856898769152487,0.997,0.9909425759314051,0.9997769740807716,3.784688995215311,0.9963427943340888,0.9974715549936789,0.9886600230438034,187000.0,2059736.0,15.0,0.10673207961964044,0.8932679203803595,182527.8,294.2166839981306,108367.46666666666,11806.606370204456,75.66666666666666,8.541216596737318,38.33333333333333,4.270608298368659,38.33333333333333,4.270608298368659,18.2,1.6987390281365427,0.0,0.0,0.0,0.0,1.0,0.0
188000.0,21.8125,8.036330497513218E-6,188000.0,0.999986844788234,0.9849829131051361,0.999,0.9967179541038702,0.9999395108850162,4.347593582887701,0.999384804617259,0.998769987699877,0.9962141044746063,188000.0,2067640.0,15.0,0.3515381014325769,0.6484618985674232,183534.2,297.8461251816364,108890.13333333335,11820.767571564562,75.93333333333334,8.24159023027774,38.46666666666667,4.12079511513887,38.46666666666667,4.12079511513887,18.2,1.6987390281365427,0.0,0.0,0.0,0.0,1.0,0.0
189000.0,21.953125,8.11159940591703E-6,189000.0,0.9983819830206477,0.9844331503539168,0.997,0.9901538623116105,0.999986844788234,4.319148936170213,0.9940539605001949,0.9987684729064039,0.9886249648918669,189000.0,2068976.0,15.0,0.3379735804622048,0.6620264195377951,184538.3333333333,291.6508839267239,108978.13333333335,11822.215394675195,76.19999999999999,8.134582261642489,38.599999999999994,4.0672911308212445,38.599999999999994,4.0672911308212445,18.2,1.6987390281365427,0.0,0.0,0.0,0.0,1.0,0.0
190000.0,22.078125,8.178916953814528E-6,190000.0,0.9998684478823398,0.9871974705381951,0.999,0.9967044121330363,0.9983819830206477,4.347593582887701,0.9973226190241111,1.0,0.9962025063458118,190000.0,2081712.0,15.0,0.2283592073652733,0.7716407926347266,185535.13333333336,296.2163462902007,109820.26666666665,11490.289810261947,76.6,8.253137931374088,38.8,4.126568965687044,38.8,4.126568965687044,18.266666666666666,1.6242214252050853,0.0,0.0,0.0,0.0,1.0,0.0
191000.0,22.21875,8.254834877637527E-6,191000.0,0.9998943224749677,0.9823129269578175,0.997,0.9901539915718168,0.9998684478823398,4.376344086021505,0.9981555471540978,0.9963144963144963,0.9885899759055338,191000.0,2086816.0,15.0,0.16856996882265873,0.8314300311773414,186528.46666666667,296.36219796213805,110157.33333333333,11664.788398464518,76.86666666666666,8.534523726494362,38.93333333333333,4.267261863247181,38.93333333333333,4.267261863247181,18.266666666666666,1.6242214252050853,0.0,0.0,0.0,0.0,1.0,0.0
192000.0,22.359375,8.330850299292556E-6,192000.0,0.9994314152258443,0.974724836829014,0.995,0.9846879402217186,0.9998943224749677,3.854368932038835,0.9914407114925639,0.9974811083123426,0.9809618244918196,192000.0,2089496.0,15.0,0.1388591743124023,0.8611408256875978,187524.19999999998,305.019249977999,110334.93333333333,11935.652567393365,76.86666666666666,8.534523726494362,38.93333333333333,4.267261863247181,38.93333333333333,4.267261863247181,18.266666666666666,1.6242214252050853,0.0,0.0,0.0,0.0,1.0,0.0
193000.0,22.484375,8.398512695243376E-6,193000.0,0.9999568689751349,0.9744266322409579,0.997,0.9891392493049119,0.9994314152258443,4.9880239520958085,0.9909772591455934,1.0,0.9885555028462998,193000.0,2092376.0,15.0,0.05688755275995716,0.9431124472400428,188521.6,307.76725900310646,110523.73333333332,12524.189848145108,77.39999999999999,8.592355406323199,39.199999999999996,4.296177703161599,39.199999999999996,4.296177703161599,18.266666666666666,1.6242214252050853,0.0,0.0,0.0,0.0,1.0,0.0
194000.0,22.625,8.474823229739237E-6,194000.0,0.9997465866457343,0.9820240746124376,0.995,0.9845762795518483,0.9999568689751349,3.9261083743842367,0.9931871690167319,0.9962358845671268,0.9809036322472684,194000.0,2097608.0,15.0,0.3129402774845591,0.6870597225154409,189522.4,299.1692784074873,110869.86666666667,12561.299465686927,77.53333333333335,8.862978108535579,39.26666666666667,4.431489054267789,39.26666666666667,4.431489054267789,18.266666666666666,1.6242214252050853,0.0,0.0,0.0,0.0,1.0,0.0
195000.0,22.75,8.542734495778052E-6,195000.0,0.9996181699337946,0.9864597107000374,0.998,0.9935283039626195,0.9997465866457343,4.2356020942408374,0.996762145980001,0.9987639060568603,0.9923508414074452,195000.0,2100072.0,15.0,0.09059101617438432,0.9094089838256157,190520.40000000002,294.387208573038,111032.53333333333,12299.052866360233,77.66666666666667,8.869423130433379,39.333333333333336,4.4347115652166895,39.333333333333336,4.4347115652166895,18.266666666666666,1.6242214252050853,0.0,0.0,0.0,0.0,1.0,0.0
196000.0,22.875,8.610818832595316E-6,196000.0,0.9992994255289337,0.984071548532654,0.997,0.9908457322803891,0.9996181699337946,3.8309178743961354,0.9945296949348134,0.9987389659520807,0.98851405465591,196000.0,2105424.0,15.0,0.2900700051845636,0.7099299948154364,191515.2666666667,284.6931848917473,111386.66666666666,12459.062167564547,77.79999999999998,8.969790569302212,39.39999999999999,4.484895284651106,39.39999999999999,4.484895284651106,18.266666666666666,1.6242214252050853,0.0,0.0,0.0,0.0,1.0,0.0
197000.0,22.984375,8.670538405163421E-6,197000.0,0.9998679030937095,0.9788260520234587,0.997,0.9900721424316632,0.9992994255289337,4.376344086021505,0.9939979981318297,0.9987714987714987,0.9884972459565192,197000.0,2110576.0,15.0,0.07799154072252767,0.9220084592774724,192497.3333333333,284.31437998572846,111727.46666666667,12274.258114715798,77.93333333333332,8.77876225140348,39.46666666666666,4.38938112570174,39.46666666666666,4.38938112570174,18.266666666666666,1.6242214252050853,0.0,0.0,0.0,0.0,1.0,0.0
198000.0,23.09375,8.73021225238012E-6,198000.0,0.9996318453750576,0.9792158068302635,0.997,0.9907458819174533,0.9998679030937095,3.8780487804878048,0.992655959362828,1.0,0.9884848014888338,198000.0,2108960.0,15.0,0.1109215884174349,0.8890784115825651,193487.53333333333,286.9198162420678,111618.66666666667,12521.40774072643,78.46666666666667,8.83068244140578,39.733333333333334,4.41534122070289,39.733333333333334,4.41534122070289,18.266666666666666,1.6242214252050853,0.0,0.0,0.0,0.0,1.0,0.0
199000.0,23.234375,8.807123198898303E-6,199000.0,0.9998320750154491,0.9863933727541832,0.998,0.9932541824069077,0.9996318453750576,4.4945054945054945,0.9944903161976938,1.0,0.9923115558474674,199000.0,2114112.0,15.0,0.21066444116066774,0.789335558839332,194486.2666666667,294.08392064332,111959.46666666666,12145.144484623512,78.60000000000001,9.014274394378221,39.800000000000004,4.5071371971891105,39.800000000000004,4.5071371971891105,18.266666666666666,1.6242214252050853,0.0,0.0,0.0,0.0,1.0,0.0
200000.0,23.375,8.884370585696566E-6,200000.0,0.9998564708798987,0.9760801230037177,0.994,0.98042784725892,0.9998320750154491,4.291005291005291,0.9901952149536692,0.9963008631319359,0.9769030892118179,200000.0,2123360.0,15.0,0.19415868500743583,0.8058413149925643,195481.53333333333,283.8923001689901,112571.2,12662.101039829733,79.0,9.319717960171483,40.0,4.659858980085741,40.0,4.659858980085741,18.333333333333332,1.632993161855452,0.0,0.0,0.0,0.0,1.0,0.0
