learning evaluation instances,evaluation time (cpu seconds),model cost (RAM-Hours),classified instances,AUC,sAUC,Accuracy,Kappa,Periodical holdout AUC,Pos/Neg ratio,G-Mean,Recall,KappaM,model training instances,model serialized size (bytes),ensemble size,[avg] model training instances,[err] model training instances,[avg] model serialized size (bytes),[err] model serialized size (bytes),[avg] tree size (nodes),[err] tree size (nodes),[avg] tree size (leaves),[err] tree size (leaves),[avg] active learning leaves,[err] active learning leaves,[avg] tree depth,[err] tree depth,[avg] active leaf byte size estimate,[err] active leaf byte size estimate,[avg] inactive leaf byte size estimate,[err] inactive leaf byte size estimate,[avg] byte size estimate overhead,[err] byte size estimate overhead
1000.0,0.125,1.5122609006034005E-8,1000.0,0.9363598595006987,0.7093292756055061,0.822,0.3952284201871392,0.0,0.09529025191675794,0.8644739903134688,0.9195402298850575,-1.0459770114942541,1000.0,467648.0,15.0,2115.733333333333,44.26295882348496,3120.5333333333333,683.7106600504827,1.1333333333333335,0.5163977794943222,1.066666666666667,0.2581988897471612,1.066666666666667,0.2581988897471612,0.06666666666666667,0.2581988897471611,0.0,0.0,0.0,0.0,1.0,0.0
2000.0,0.28125,3.7337562793658846E-8,2000.0,0.9965888888888889,0.8855010748376252,0.991,0.950221238938053,0.9363598595006987,0.1111111111111111,0.977070451229934,0.96,0.9037433155080213,2000.0,549576.0,15.0,3969.4,61.85559219435453,8535.466666666669,1827.2464008786037,5.133333333333334,1.4074631010979937,3.066666666666667,0.7037315505489968,3.066666666666667,0.7037315505489968,1.7999999999999998,0.4140393356054125,0.0,0.0,0.0,0.0,1.0,0.0
3000.0,0.40625,5.76116791408923E-8,3000.0,0.9988906447865538,0.8848006521942542,0.993,0.9632190672355451,0.9965888888888889,0.11982082866741321,0.9794809581235149,0.9626168224299065,0.9285714285714285,3000.0,626952.0,15.0,5752.2,76.30877126142539,13650.133333333333,2902.216637248813,8.866666666666665,2.3258383025317584,4.933333333333333,1.1629191512658792,4.933333333333333,1.1629191512658792,2.733333333333334,0.7988086367179801,0.0,0.0,0.0,0.0,1.0,0.0
4000.0,0.46875,6.803201459762123E-8,4000.0,0.9971969817737393,0.9136601655696618,0.994,0.9601466602901323,0.9988906447865538,0.08932461873638345,0.9799317426786734,0.9634146341463414,0.9361702127659574,4000.0,644472.0,15.0,7669.333333333333,84.95180706618027,14812.800000000001,3261.4006456472916,9.133333333333335,2.199567056967174,5.066666666666667,1.099783528483587,5.066666666666667,1.099783528483587,2.8666666666666667,0.7432233529572064,0.0,0.0,0.0,0.0,1.0,0.0
5000.0,0.546875,8.165745788978206E-8,5000.0,0.999553645573825,0.9445722670988471,0.997,0.9844925978000165,0.9971969817737393,0.1210762331838565,0.994243103544278,0.9907407407407407,0.9690082644628099,5000.0,674160.0,15.0,9479.400000000001,92.58262718859781,16774.399999999998,3254.282734226655,10.599999999999998,2.2928460168844436,5.799999999999999,1.1464230084422218,5.799999999999999,1.1464230084422218,3.4,0.6324555320336759,0.0,0.0,0.0,0.0,1.0,0.0
6000.0,0.671875,1.0497079023884402E-7,6000.0,0.9995439759219287,0.9297748774461468,0.994,0.9695983947952451,0.999553645573825,0.12485939257592801,0.9847281856486385,0.972972972972973,0.9394957983193276,6000.0,720936.0,15.0,11209.199999999999,97.52816443029606,19864.533333333333,2678.0213875884106,13.399999999999999,2.02837021134844,7.199999999999999,1.01418510567422,7.199999999999999,1.01418510567422,4.266666666666666,0.7037315505489968,0.0,0.0,0.0,0.0,1.0,0.0
7000.0,0.78125,1.265393479520248E-7,7000.0,1.0,0.970085834300521,0.998,0.9876665022200296,0.9995439759219287,0.09649122807017543,0.9989029069653665,1.0,0.979502196193265,7000.0,762264.0,15.0,12999.800000000001,102.39852119467896,22596.266666666666,2872.496362466096,15.000000000000002,2.267786838055363,8.0,1.1338934190276817,8.0,1.1338934190276817,4.533333333333333,0.5163977794943222,0.0,0.0,0.0,0.0,1.0,0.0
8000.0,0.90625,1.5338575596817666E-7,8000.0,0.9989907296650717,0.9340802599224289,0.994,0.9629995066600887,1.0,0.09649122807017543,0.9864007519163701,0.9772727272727273,0.9377431906614785,8000.0,830192.0,15.0,14856.199999999999,124.4824715142085,27085.333333333332,4268.296593434412,18.2,3.004758131459407,9.6,1.5023790657297036,9.6,1.5023790657297036,4.933333333333334,0.7037315505489967,0.0,0.0,0.0,0.0,1.0,0.0
9000.0,0.984375,1.704790823472043E-7,9000.0,0.9988776378593717,0.9540780046511969,0.994,0.9637343906773207,0.9989907296650717,0.09769484083424808,0.9916336213486986,0.9887640449438202,0.9372093023255813,9000.0,845744.0,15.0,16683.399999999998,137.54573265437426,28111.999999999996,4341.724213127447,19.4,3.312314684843301,10.2,1.6561573424216505,10.2,1.6561573424216505,5.333333333333333,0.816496580927726,0.0,0.0,0.0,0.0,1.0,0.0
10000.0,1.109375,1.9911130140018132E-7,10000.0,0.9987119957571625,0.9601885534504399,0.988,0.9382430137409293,0.9988776378593717,0.11482720178372352,0.9932885147723169,1.0,0.8753894080996885,10000.0,885416.0,15.0,18576.26666666667,146.0775071502737,30733.86666666667,3490.7583675975598,21.4,2.2928460168844436,11.2,1.1464230084422218,11.2,1.1464230084422218,6.066666666666666,0.7037315505489968,0.0,0.0,0.0,0.0,1.0,0.0
11000.0,1.234375,2.2840760518900223E-7,11000.0,0.9983902455731754,0.9471028513899794,0.984,0.9141934722684028,0.9987119957571625,0.10741971207087486,0.9865346808092254,0.9896907216494846,0.8339622641509432,11000.0,905952.0,15.0,20353.26666666667,131.67843226515717,32093.333333333336,3764.0569804907245,22.2,2.596701204000403,11.6,1.2983506020002016,11.6,1.2983506020002016,6.199999999999999,0.6761234037828133,0.0,0.0,0.0,0.0,1.0,0.0
12000.0,1.359375,2.5851105520915654E-7,12000.0,0.9996829646329435,0.9541989370083857,0.993,0.9598596233685803,0.9983902455731754,0.10375275938189846,0.9913675594224165,0.9893617021276596,0.9272097053726169,12000.0,930912.0,15.0,22194.26666666667,106.04680009092151,33745.06666666667,4147.91967594543,22.866666666666664,3.159264531651692,11.933333333333332,1.579632265825846,11.933333333333332,1.579632265825846,6.533333333333333,0.7432233529572065,0.0,0.0,0.0,0.0,1.0,0.0
13000.0,1.453125,2.822809296453165E-7,13000.0,0.9994523233022022,0.957921569358304,0.99,0.9529933814681106,0.9996829646329435,0.13378684807256236,0.9869824144750274,0.9830508474576272,0.8977987421383646,13000.0,980072.0,15.0,24034.666666666668,123.64850335104084,36990.399999999994,4383.788524617882,26.066666666666666,3.453086955726647,13.533333333333333,1.7265434778633235,13.533333333333333,1.7265434778633235,6.866666666666667,0.7432233529572065,0.0,0.0,0.0,0.0,1.0,0.0
14000.0,1.546875,3.0690257618617684E-7,14000.0,0.9999760582263935,0.9818916742063436,0.995,0.9707862017388053,0.9994523233022022,0.1013215859030837,0.9972428952218635,1.0,0.9486803519061583,14000.0,1015192.0,15.0,25765.600000000006,127.61874022706438,39309.333333333336,4813.864421300902,28.200000000000003,3.4475664294853385,14.600000000000001,1.7237832147426693,14.600000000000001,1.7237832147426693,7.666666666666667,0.4879500364742666,0.0,0.0,0.0,0.0,1.0,0.0
15000.0,1.609375,3.240778460167349E-7,15000.0,0.9994419642857143,0.9564423969482315,0.993,0.9632213862384935,0.9999760582263935,0.11607142857142858,0.9918430196101854,0.9903846153846154,0.9284741144414168,15000.0,1062248.0,15.0,27586.2,135.26439717404241,42424.0,4485.203100991399,29.26666666666667,3.2834360631741224,15.133333333333335,1.6417180315870612,15.133333333333335,1.6417180315870612,7.933333333333334,0.5936168397046637,0.0,0.0,0.0,0.0,1.0,0.0
16000.0,1.6875,3.4580207688526976E-7,16000.0,0.9998714239794279,0.9724232150507233,0.995,0.9683624398886357,0.9994419642857143,0.09289617486338798,0.9919249668328862,0.9882352941176471,0.948486799742434,16000.0,1074872.0,15.0,29393.333333333332,126.52423069270544,43258.13333333333,5438.397635158286,30.06666666666667,3.614784456460255,15.533333333333335,1.8073922282301276,15.533333333333335,1.8073922282301276,8.066666666666666,0.5936168397046637,0.0,0.0,0.0,0.0,1.0,0.0
17000.0,1.75,3.6339928758227167E-7,17000.0,0.9989977863192326,0.9521659809837227,0.991,0.9510848297752076,0.9998714239794279,0.11234705228031146,0.9817439520862921,0.9702970297029703,0.9074969770253929,17000.0,1088344.0,15.0,31146.866666666665,135.52799745896814,44150.4,4696.340897823691,30.466666666666672,3.24844285041017,15.733333333333336,1.624221425205085,15.733333333333336,1.624221425205085,8.133333333333333,0.6399404734221844,0.0,0.0,0.0,0.0,1.0,0.0
18000.0,1.828125,3.856819886196819E-7,18000.0,0.9995845113955351,0.9640096811713432,0.992,0.9600937796178979,0.9989977863192326,0.12485939257592801,0.9876003402426233,0.9819819819819819,0.918413597733711,18000.0,1102504.0,15.0,32966.066666666666,141.01745923652066,45085.866666666676,4781.548790726205,31.26666666666667,3.534860406754147,16.133333333333336,1.7674302033770735,16.133333333333336,1.7674302033770735,8.266666666666666,0.7037315505489969,0.0,0.0,0.0,0.0,1.0,0.0
19000.0,1.921875,4.130395892490116E-7,19000.0,0.9992895313996232,0.9507741775563526,0.989,0.944920685787534,0.9995845113955351,0.122334455667789,0.9857665573961514,0.981651376146789,0.8884738527214513,19000.0,1128000.0,15.0,34813.933333333334,123.40494703366218,46771.73333333333,4505.270428963752,32.333333333333336,3.352326839390103,16.666666666666668,1.6761634196950514,16.666666666666668,1.6761634196950514,8.6,0.7367883976130072,0.0,0.0,0.0,0.0,1.0,0.0
20000.0,2.0,4.3631473090499644E-7,20000.0,0.9994716077215725,0.9369102859166148,0.991,0.9479058137111898,0.9992895313996232,0.10375275938189846,0.9806497574251769,0.9680851063829787,0.9085365853658536,20000.0,1151608.0,15.0,36617.600000000006,120.60549620264311,48328.533333333326,4577.585606075803,34.19999999999999,2.90811671999988,17.599999999999994,1.45405835999994,17.599999999999994,1.45405835999994,8.799999999999999,0.9411239481143203,0.0,0.0,0.0,0.0,1.0,0.0
21000.0,2.078125,4.6029741901697387E-7,21000.0,0.9992360100888531,0.9603063309881876,0.987,0.9344017439044081,0.9994716077215725,0.11982082866741321,0.984490033283465,0.9813084112149533,0.868433734939759,21000.0,1186616.0,15.0,38393.333333333336,129.38517615833675,50642.13333333333,4406.276527647265,36.06666666666666,3.104528182847634,18.53333333333333,1.552264091423817,18.53333333333333,1.552264091423817,9.266666666666666,0.7037315505489968,0.0,0.0,0.0,0.0,1.0,0.0
22000.0,2.171875,4.900690853699215E-7,22000.0,0.9993668440934066,0.9605928864059458,0.994,0.9683437447239575,0.9992360100888531,0.11607142857142858,0.9924000783564954,0.9903846153846154,0.9394217530977512,22000.0,1227536.0,15.0,40208.46666666667,136.11752624985934,53343.99999999999,4582.1527068149335,38.599999999999994,3.0425553170226616,19.799999999999997,1.5212776585113308,19.799999999999997,1.5212776585113308,9.733333333333333,0.5936168397046638,0.0,0.0,0.0,0.0,1.0,0.0
23000.0,2.265625,5.208545351504452E-7,23000.0,0.9995420600253628,0.9711152418155172,0.995,0.9713283024061288,0.9993668440934066,0.10375275938189846,0.9972368004657121,1.0,0.9494060712714474,23000.0,1269336.0,15.0,41995.2,143.1079512615763,56108.26666666667,4706.837692832276,40.2,4.05674042269688,20.6,2.02837021134844,20.6,2.02837021134844,10.066666666666666,0.7037315505489969,0.0,0.0,0.0,0.0,1.0,0.0
24000.0,2.359375,5.524040574932264E-7,24000.0,0.9989552994808155,0.9471942362271613,0.988,0.9382258463059056,0.9995420600253628,0.1185682326621924,0.9807731223055622,0.9716981132075472,0.8789407313997477,24000.0,1300840.0,15.0,43816.86666666667,145.24553923156012,58192.53333333333,4959.162571394874,41.53333333333334,3.5023801430836543,21.26666666666667,1.7511900715418272,21.26666666666667,1.7511900715418272,10.333333333333332,0.8997354108424376,0.0,0.0,0.0,0.0,1.0,0.0
25000.0,2.421875,5.739615880884231E-7,25000.0,1.0,0.9725353045995797,0.998,0.9900995000247512,0.9989552994808155,0.1273957158962796,0.9988719680560705,1.0,0.9799357945425361,25000.0,1333280.0,15.0,45601.6,162.08498652602847,60339.2,5059.445299917486,42.333333333333336,3.754362541795622,21.666666666666668,1.877181270897811,21.666666666666668,1.877181270897811,10.399999999999999,1.055597325823495,0.0,0.0,0.0,0.0,1.0,0.0
26000.0,2.515625,6.066721592408916E-7,26000.0,0.9994533294562373,0.9629465674728226,0.994,0.965751469832753,1.0,0.10497237569060773,0.9919712590457946,0.9894736842105263,0.9396984924623115,26000.0,1348712.0,15.0,47381.26666666666,160.49720365461937,61360.0,5232.139797171217,42.99999999999999,3.7796447300922735,21.999999999999996,1.8898223650461368,21.999999999999996,1.8898223650461368,10.533333333333335,0.990430401872025,0.0,0.0,0.0,0.0,1.0,0.0
27000.0,2.609375,6.396681419573725E-7,27000.0,0.999481471238938,0.9708238953760672,0.993,0.9605873609296878,0.9994533294562373,0.10619469026548672,0.991471281661694,0.9895833333333334,0.9295564666418188,27000.0,1360480.0,15.0,49236.66666666667,158.2054119837647,62136.53333333334,5522.480160562781,44.199999999999996,3.6878177829171555,22.599999999999998,1.8439088914585777,22.599999999999998,1.8439088914585777,10.933333333333334,0.9611501047232548,0.0,0.0,0.0,0.0,1.0,0.0
28000.0,2.671875,6.621567364264694E-7,28000.0,1.0,0.9823810919942728,0.998,0.9884772714178718,0.999481471238938,0.10497237569060773,0.998894416466835,1.0,0.9798416126709864,28000.0,1390864.0,15.0,51054.86666666667,136.27957957641277,64146.666666666664,4602.564916383452,44.866666666666674,3.6619016657365075,22.933333333333337,1.8309508328682538,22.933333333333337,1.8309508328682538,11.133333333333333,0.990430401872025,0.0,0.0,0.0,0.0,1.0,0.0
29000.0,2.765625,6.963735278178421E-7,29000.0,0.9992904914219249,0.9624004022081869,0.99,0.9434421130026581,1.0,0.10497237569060773,0.9850348674164637,0.9789473684210527,0.8990602158022972,29000.0,1410816.0,15.0,52897.0,126.96118641987658,65464.53333333333,4323.798823565529,46.06666666666667,3.1045281828476345,23.533333333333335,1.5522640914238173,23.533333333333335,1.5522640914238173,11.466666666666667,1.0600988273786194,0.0,0.0,0.0,0.0,1.0,0.0
30000.0,2.875,7.371761603280902E-7,30000.0,1.0,0.9737659624447241,1.0,1.0,0.9992904914219249,0.10987791342952276,1.0,1.0,1.0,30000.0,1442024.0,15.0,54677.73333333333,145.74805397704378,67526.93333333333,4678.781640352031,47.400000000000006,3.4805582475065266,24.200000000000003,1.7402791237532633,24.200000000000003,1.7402791237532633,11.466666666666667,1.0600988273786194,0.0,0.0,0.0,0.0,1.0,0.0
31000.0,2.921875,7.548271484362583E-7,31000.0,0.9996245619889872,0.9516221000468938,0.996,0.9725123694337547,1.0,0.08459869848156182,0.9919513125242586,0.9871794871794872,0.959344262295082,31000.0,1455560.0,15.0,56444.73333333333,155.10340636706374,68419.73333333332,5768.316113126291,48.46666666666667,3.814758308514572,24.733333333333334,1.907379154257286,24.733333333333334,1.907379154257286,11.466666666666667,1.0600988273786194,0.0,0.0,0.0,0.0,1.0,0.0
32000.0,2.984375,7.78764984311743E-7,32000.0,0.998618579534427,0.9320518196931766,0.99,0.9444499994444999,0.9996245619889872,0.10741971207087486,0.9852434992281874,0.979381443298969,0.898315856371147,32000.0,1480496.0,15.0,58362.333333333336,155.39059847763738,70067.2,5606.164606930482,49.8,4.585692033768888,25.4,2.292846016884444,25.4,2.292846016884444,11.466666666666667,1.0600988273786194,0.0,0.0,0.0,0.0,1.0,0.0
33000.0,3.109375,8.273616549558938E-7,33000.0,0.9996125123291532,0.9576494820481503,0.988,0.9327535192324934,0.998618579534427,0.10375275938189846,0.9886099252644633,0.9893617021276596,0.8778154890465905,33000.0,1502792.0,15.0,60212.933333333334,152.030291467883,71540.80000000002,5131.107415976176,50.86666666666667,4.307247491424304,25.933333333333334,2.153623745712152,25.933333333333334,2.153623745712152,11.600000000000001,1.1832159566199232,0.0,0.0,0.0,0.0,1.0,0.0
34000.0,3.1875,8.579952150790228E-7,34000.0,0.9991769026212486,0.9610405496995479,0.989,0.9440545214118604,0.9996125123291532,0.1185682326621924,0.9896897901434546,0.9905660377358491,0.8882581416193606,34000.0,1515688.0,15.0,62006.73333333334,152.24109951308273,72394.13333333335,5760.843959335257,51.4,4.420730385678044,26.2,2.210365192839022,26.2,2.210365192839022,11.733333333333334,1.162919151265879,0.0,0.0,0.0,0.0,1.0,0.0
35000.0,3.28125,8.950977482729487E-7,35000.0,0.9997863978127136,0.9678537879640388,0.994,0.95877308707124,0.9991769026212486,0.08225108225108226,0.996747958867483,1.0,0.9386503067484662,35000.0,1529800.0,15.0,63819.666666666664,154.90396410433797,73327.46666666666,5832.593712022449,51.93333333333334,4.527166674117278,26.46666666666667,2.263583337058639,26.46666666666667,2.263583337058639,11.8,1.2071217242444345,0.0,0.0,0.0,0.0,1.0,0.0
36000.0,3.375,9.328446402731869E-7,36000.0,0.9985577202675197,0.9398755798734065,0.992,0.9543352931103373,0.9997863978127136,0.10497237569060773,0.9861323996426093,0.9789473684210527,0.9181353041500853,36000.0,1556368.0,15.0,65679.26666666666,152.25798907806174,75085.33333333334,6299.880210501357,52.86666666666667,4.80872223400453,26.933333333333334,2.404361117002265,26.933333333333334,2.404361117002265,12.0,1.4142135623730951,0.0,0.0,0.0,0.0,1.0,0.0
37000.0,3.453125,9.64573636237118E-7,37000.0,0.9997944994348734,0.9641678753501581,0.994,0.9666699996667,0.9985577202675197,0.10741971207087486,0.9966722037498461,1.0,0.9385892116182571,37000.0,1569888.0,15.0,67465.2,150.33448421056565,75979.73333333334,6302.3484904627485,53.266666666666666,4.712698145385912,27.133333333333333,2.356349072692956,27.133333333333333,2.356349072692956,12.0,1.4142135623730951,0.0,0.0,0.0,0.0,1.0,0.0
38000.0,3.578125,1.0156090785231855E-6,38000.0,0.9998204148417157,0.9671997383651216,0.996,0.9801990000495024,0.9997944994348734,0.1273957158962796,0.9938803681479483,0.9911504424778761,0.9592274678111588,38000.0,1578208.0,15.0,69309.13333333335,163.575175669289,76527.99999999999,6230.129922974553,54.06666666666666,4.267261863247183,27.53333333333333,2.1336309316235913,27.53333333333333,2.1336309316235913,12.0,1.4142135623730951,0.0,0.0,0.0,0.0,1.0,0.0
39000.0,3.671875,1.0542267571306891E-6,39000.0,0.9999134114794731,0.9677334280266536,0.996,0.9783528698682772,0.9998204148417157,0.11482720178372352,0.9891391025172044,0.9805825242718447,0.9592795614722004,39000.0,1592272.0,15.0,71071.73333333334,158.90808963794498,77457.6,6292.8815657058085,54.73333333333333,3.918211448145819,27.866666666666664,1.9591057240729095,27.866666666666664,1.9591057240729095,12.0,1.4142135623730951,0.0,0.0,0.0,0.0,1.0,0.0
40000.0,3.765625,1.0932482028793959E-6,40000.0,0.999838679941003,0.9741042093337449,0.992,0.9555634553857092,0.9999134114794731,0.10619469026548672,0.9955653883486891,1.0,0.9185128596893302,40000.0,1608920.0,15.0,72915.8,180.41943195945345,78556.8,5921.8922072497835,55.8,3.687817782917155,28.4,1.8439088914585775,28.4,1.8439088914585775,12.066666666666666,1.3345232785352157,0.0,0.0,0.0,0.0,1.0,0.0
41000.0,3.84375,1.1259513687238927E-6,41000.0,0.9999760582263935,0.9834805223629753,0.996,0.9765170016907758,0.999838679941003,0.1013215859030837,0.9977949256517532,1.0,0.9591938293107738,41000.0,1618088.0,15.0,74680.99999999999,156.16200379276393,79162.13333333333,5604.590336331037,56.46666666666667,3.661901665736507,28.733333333333334,1.8309508328682536,28.733333333333334,1.8309508328682536,12.066666666666666,1.3345232785352157,0.0,0.0,0.0,0.0,1.0,0.0
42000.0,3.953125,1.1728470174906157E-6,42000.0,0.9996277987787148,0.9743152974601544,0.997,0.9827961922238788,0.9999760582263935,0.10497237569060773,0.9983411655706321,1.0,0.9693728731161886,42000.0,1657360.0,15.0,76580.26666666666,177.16435737418965,81757.86666666667,5945.666727802295,58.06666666666667,4.267261863247182,29.533333333333335,2.133630931623591,29.533333333333335,2.133630931623591,12.333333333333336,1.3451854182690988,0.0,0.0,0.0,0.0,1.0,0.0
43000.0,4.03125,1.2067442488235733E-6,43000.0,0.9999327346719133,0.966316766765838,0.998,0.9887891119855604,0.9996277987787148,0.10987791342952276,0.99438439392097,0.98989898989899,0.9795869926418229,43000.0,1677168.0,15.0,78378.73333333334,173.33677652257805,83067.73333333335,6308.356628503251,58.86666666666667,4.501851470969101,29.933333333333334,2.2509257354845507,29.933333333333334,2.2509257354845507,12.333333333333336,1.3451854182690988,0.0,0.0,0.0,0.0,1.0,0.0
44000.0,4.15625,1.2611559941433372E-6,44000.0,0.9999382201217064,0.9773430669534702,0.995,0.9747663362738962,0.9999327346719133,0.122334455667789,0.9971902164189443,1.0,0.94909763998149,44000.0,1682616.0,15.0,80216.33333333333,169.5391512587112,83425.59999999999,6460.150338807915,59.666666666666664,4.639375984311847,30.333333333333332,2.3196879921559237,30.333333333333332,2.3196879921559237,12.333333333333336,1.3451854182690988,0.0,0.0,0.0,0.0,1.0,0.0
45000.0,4.25,1.3024075694071751E-6,45000.0,0.9999614271938283,0.9643733885663278,0.998,0.9871423979427837,0.9999382201217064,0.09289617486338798,0.9935568708155769,0.9882352941176471,0.9795779441797141,45000.0,1700872.0,15.0,81988.40000000002,193.0076978479653,84633.06666666665,7382.356645279018,60.46666666666667,5.4230548410949915,30.733333333333334,2.7115274205474957,30.733333333333334,2.7115274205474957,12.333333333333336,1.3451854182690988,0.0,0.0,0.0,0.0,1.0,0.0
46000.0,4.34375,1.3441886403597894E-6,46000.0,0.9993875602059459,0.9626088411126872,0.991,0.9545821558336697,0.9999614271938283,0.1210762331838565,0.9908860547808761,0.9907407407407407,0.9083056478405315,46000.0,1722704.0,15.0,83891.86666666667,198.64680309773954,86077.33333333333,8083.64990641751,61.13333333333334,6.116332545694666,31.06666666666667,3.058166272847333,31.06666666666667,3.058166272847333,12.400000000000002,1.4040757000349275,0.0,0.0,0.0,0.0,1.0,0.0
47000.0,4.453125,1.3931043536609248E-6,47000.0,0.9999434363545862,0.9764614178614894,0.996,0.9775784753363228,0.9993875602059459,0.10864745011086474,0.9932290341126072,0.9897959183673469,0.9592456102319532,47000.0,1728752.0,15.0,85664.66666666667,214.6807153048682,86476.8,8220.681264782308,61.53333333333333,6.209056365695269,31.266666666666666,3.1045281828476345,31.266666666666666,3.1045281828476345,12.400000000000002,1.4040757000349275,0.0,0.0,0.0,0.0,1.0,0.0
48000.0,4.546875,1.4351863582204616E-6,48000.0,0.9996517664936052,0.9785894607485341,0.998,0.9895344943067649,0.9999434363545862,0.1185682326621924,0.9988808054691388,1.0,0.9796567069294342,48000.0,1735112.0,15.0,87476.26666666668,225.78924011648803,86894.40000000001,8694.37135491364,62.6,6.288311151879903,31.8,3.1441555759399513,31.8,3.1441555759399513,12.400000000000002,1.4040757000349275,0.0,0.0,0.0,0.0,1.0,0.0
49000.0,4.640625,1.4777679785361722E-6,49000.0,0.9999,0.9665864011583839,0.999,0.9944196428571429,0.9996517664936052,0.1111111111111111,0.99498743710662,0.99,0.9898319153351317,49000.0,1755712.0,15.0,89308.86666666665,212.1215509582955,88256.53333333333,8068.402124218601,63.53333333333334,6.435023217481333,32.266666666666666,3.2175116087406663,32.266666666666666,3.2175116087406663,12.466666666666667,1.245945806357946,0.0,0.0,0.0,0.0,1.0,0.0
50000.0,4.734375,1.5209291531290447E-6,50000.0,0.999753176510989,0.9754818483026374,0.995,0.9737295615989239,0.9999,0.11607142857142858,0.9972059179814081,1.0,0.9492179565305707,50000.0,1779608.0,15.0,91103.0,219.00652306006165,89837.86666666665,8936.718460268025,64.33333333333333,6.531972647421808,32.666666666666664,3.265986323710904,32.666666666666664,3.265986323710904,12.6,1.3522468075656267,0.0,0.0,0.0,0.0,1.0,0.0
51000.0,4.84375,1.5715471171360052E-6,51000.0,0.9997889493900637,0.9686062839545181,0.998,0.9895344943067649,0.999753176510989,0.1185682326621924,0.9988808054691388,1.0,0.9797176377013322,51000.0,1788912.0,15.0,92902.33333333334,199.37891659087717,90451.73333333334,9646.351371422896,65.13333333333334,6.116332545694666,33.06666666666667,3.0581662728473336,33.06666666666667,3.0581662728473336,12.6,1.3522468075656267,0.0,0.0,0.0,0.0,1.0,0.0
52000.0,4.9375,1.6154554840694702E-6,52000.0,0.9999504970100194,0.9819099007992744,0.997,0.9853174370118047,0.9997889493900637,0.12866817155756208,0.9983055621829057,1.0,0.9696675092358545,52000.0,1810416.0,15.0,94678.2,218.06918954444575,91875.20000000001,9127.721443101618,65.53333333333332,6.06943945007241,33.26666666666666,3.034719725036205,33.26666666666666,3.034719725036205,12.6,1.3522468075656267,0.0,0.0,0.0,0.0,1.0,0.0
53000.0,5.046875,1.6674433977136184E-6,53000.0,0.999155797560255,0.9652955165172786,0.995,0.9739436766514498,0.9999504970100194,0.1185682326621924,0.9930427860506251,0.9905660377358491,0.9495141931796532,53000.0,1837328.0,15.0,96495.26666666666,235.9011495965051,93655.99999999999,8435.962202719638,66.19999999999999,6.131883886702361,33.59999999999999,3.0659419433511825,33.59999999999999,3.0659419433511825,12.733333333333334,1.2798809468443688,0.0,0.0,0.0,0.0,1.0,0.0
54000.0,5.171875,1.7273080367077558E-6,54000.0,0.9997555555555555,0.9749450128559679,0.995,0.9728260869565217,0.999155797560255,0.1111111111111111,0.9972183534434395,1.0,0.9495232753785754,54000.0,1851240.0,15.0,98264.73333333332,221.8978100280356,94574.4,8874.723889467532,67.13333333333333,6.653319973266481,34.06666666666666,3.3266599866332407,34.06666666666666,3.3266599866332407,12.8,1.3201731488169055,0.0,0.0,0.0,0.0,1.0,0.0
55000.0,5.28125,1.7796791831238405E-6,55000.0,0.9998515829251864,0.9682108426807754,0.994,0.9663688440971716,0.9997555555555555,0.10741971207087486,0.992073942092747,0.9896907216494846,0.9394050679397722,55000.0,1850872.0,15.0,100085.26666666668,235.82968026785187,94549.33333333333,9208.381606423782,67.53333333333333,6.653319973266482,34.266666666666666,3.326659986633241,34.266666666666666,3.326659986633241,12.8,1.3201731488169055,0.0,0.0,0.0,0.0,1.0,0.0
56000.0,5.359375,1.8175461769310967E-6,56000.0,0.999492994100295,0.9737626090719534,0.995,0.971848114949777,0.9998515829251864,0.10619469026548672,0.9972306787041163,1.0,0.9494767232046192,56000.0,1873584.0,15.0,101892.53333333334,239.26221917345984,96050.66666666664,8424.436654897527,68.60000000000001,6.378535434228947,34.800000000000004,3.1892677171144737,34.800000000000004,3.1892677171144737,12.933333333333334,1.3870146083619754,0.0,0.0,0.0,0.0,1.0,0.0
57000.0,5.46875,1.8709173956368534E-6,57000.0,0.9999887891119855,0.9817846338264762,0.996,0.977974296003436,0.999492994100295,0.10987791342952276,0.997777775031235,1.0,0.9595816344619748,57000.0,1886216.0,15.0,103725.00000000001,244.50270229298255,96885.86666666667,8948.709450982038,68.99999999999999,6.590035768383314,34.99999999999999,3.295017884191657,34.99999999999999,3.295017884191657,12.933333333333334,1.3870146083619754,0.0,0.0,0.0,0.0,1.0,0.0
58000.0,5.59375,1.932184709908648E-6,58000.0,0.9999555555555556,0.9807387336319148,0.995,0.9725877192982456,0.9999887891119855,0.1111111111111111,0.9927738916792684,0.99,0.9494861522382859,58000.0,1894616.0,15.0,105543.93333333333,263.5858403596358,97438.93333333332,9055.348723005547,69.93333333333334,7.126075524505222,35.46666666666667,3.563037762252611,35.46666666666667,3.563037762252611,12.933333333333334,1.3870146083619754,0.0,0.0,0.0,0.0,1.0,0.0
59000.0,5.703125,1.9863828331128596E-6,59000.0,0.9999103128958845,0.975230913393654,0.993,0.9619590026737386,0.9999555555555556,0.10987791342952276,0.9961078528984667,1.0,0.9292808219178081,59000.0,1915440.0,15.0,107335.33333333333,277.86241885063185,98817.06666666667,9834.723726722188,70.33333333333333,7.508725083591248,35.666666666666664,3.754362541795624,35.666666666666664,3.754362541795624,13.0,1.2535663410560174,0.0,0.0,0.0,0.0,1.0,0.0
60000.0,5.8125,2.0406880260755623E-6,60000.0,0.9999702982060117,0.9788212860897532,0.996,0.9803490017292879,0.9999103128958845,0.12866817155756208,0.9939173846224616,0.9912280701754386,0.9596909640577762,60000.0,1919224.0,15.0,109216.13333333335,290.09650282687096,99067.2,10185.961341824484,70.6,7.528991584914564,35.8,3.764495792457282,35.8,3.764495792457282,13.0,1.2535663410560174,0.0,0.0,0.0,0.0,1.0,0.0
61000.0,5.890625,2.0796533661066662E-6,61000.0,0.9998901098901098,0.97508675033981,0.996,0.9760593727555662,0.9999702982060117,0.0989010989010989,0.99779977731226,1.0,0.9596293845135672,61000.0,1927928.0,15.0,110947.59999999999,285.99695303072195,99643.73333333334,10658.975503347043,70.73333333333333,7.5163314253190086,35.86666666666667,3.7581657126595043,35.86666666666667,3.7581657126595043,13.0,1.2535663410560174,0.0,0.0,0.0,0.0,1.0,0.0
62000.0,6.0,2.1341595695250567E-6,62000.0,0.9998078327376149,0.9759858169685587,0.995,0.976240710117656,0.9998901098901098,0.13378684807256236,0.993493185577536,0.9915254237288136,0.949691658552418,62000.0,1926328.0,15.0,112774.46666666667,299.7746455176582,99536.0,10497.305232432616,71.26666666666667,7.554248252914824,36.13333333333333,3.777124126457412,36.13333333333333,3.777124126457412,13.0,1.2535663410560174,0.0,0.0,0.0,0.0,1.0,0.0
63000.0,6.109375,2.1892398298304117E-6,63000.0,0.9999261322865223,0.9766932101244893,0.996,0.9790689886135298,0.9998078327376149,0.1185682326621924,0.9936005186337983,0.9905660377358491,0.9597957881301851,63000.0,1946616.0,15.0,114565.53333333334,308.4539480947478,100878.93333333333,10423.854780993359,71.8,7.812078560061427,36.4,3.9060392800307135,36.4,3.9060392800307135,13.0,1.2535663410560174,0.0,0.0,0.0,0.0,1.0,0.0
64000.0,6.203125,2.2368959940245587E-6,64000.0,0.9999894474695031,0.9783340704420638,0.999,0.9947017060506517,0.9999261322865223,0.1185682326621924,0.9952718411247498,0.9905660377358491,0.9899592092877314,64000.0,1964944.0,15.0,116332.4,305.4375783784881,102086.4,10049.095117756342,73.53333333333333,7.980929651064347,37.266666666666666,3.9904648255321735,37.266666666666666,3.9904648255321735,13.0,1.2535663410560174,0.0,0.0,0.0,0.0,1.0,0.0
65000.0,6.328125,2.3011223270764787E-6,65000.0,0.9998814477599555,0.9736042488851252,0.998,0.9881447759955424,0.9999894474695031,0.10253583241455347,0.9940606778358889,0.989247311827957,0.9798979434049792,65000.0,1986120.0,15.0,118100.26666666666,304.93218605984845,103486.39999999998,10561.883468397107,74.33333333333334,7.843711463574467,37.66666666666667,3.9218557317872333,37.66666666666667,3.9218557317872333,13.0,1.2535663410560174,0.0,0.0,0.0,0.0,1.0,0.0
66000.0,6.421875,2.3498178860690038E-6,66000.0,0.9999296171171171,0.9759864400812338,0.996,0.9800462926011653,0.9998814477599555,0.12612612612612611,0.9938426506674557,0.9910714285714286,0.9598723210214318,66000.0,2007800.0,15.0,119866.33333333333,326.9872576518357,104921.06666666667,11169.989125628848,74.86666666666665,8.052210580834018,37.93333333333332,4.026105290417009,37.93333333333332,4.026105290417009,13.0,1.2535663410560174,0.0,0.0,0.0,0.0,1.0,0.0
67000.0,6.53125,2.4070135097847224E-6,67000.0,0.9997944994348734,0.9737093857365591,0.993,0.9605855855855855,0.9999296171171171,0.10741971207087486,0.9868933639047537,0.979381443298969,0.9297483523067704,67000.0,2021376.0,15.0,121721.26666666666,333.67509146873374,105818.13333333333,11336.050193120724,75.53333333333333,8.052210580834013,38.266666666666666,4.026105290417006,38.266666666666666,4.026105290417006,13.066666666666668,1.162919151265879,0.0,0.0,0.0,0.0,1.0,0.0
68000.0,6.640625,2.4643051114657693E-6,68000.0,0.9998953438477881,0.9869717673082026,0.999,0.9947886266989077,0.9997944994348734,0.11982082866741321,0.9994399327480029,1.0,0.9899749373433584,68000.0,2024768.0,15.0,123554.53333333334,337.9830652280528,106041.06666666665,10930.923627598037,76.06666666666666,8.066391179868894,38.53333333333333,4.033195589934447,38.53333333333333,4.033195589934447,13.066666666666668,1.162919151265879,0.0,0.0,0.0,0.0,1.0,0.0
69000.0,6.734375,2.5139740965743036E-6,69000.0,0.9998628171035414,0.9783685535304077,0.993,0.9638183058697045,0.9998953438477881,0.1185682326621924,0.9919263800922208,0.9905660377358491,0.9298882276092321,69000.0,2047936.0,15.0,125269.73333333334,333.32448083483223,107574.93333333333,11179.830764542437,76.60000000000001,8.113480845393758,38.800000000000004,4.056740422696879,38.800000000000004,4.056740422696879,13.066666666666668,1.162919151265879,0.0,0.0,0.0,0.0,1.0,0.0
70000.0,6.84375,2.5723422812815346E-6,70000.0,0.9991593508911945,0.9698988180731535,0.996,0.9788951617158234,0.9998628171035414,0.11731843575418995,0.9935573252474196,0.9904761904761905,0.959965684872748,70000.0,2062816.0,15.0,127118.4,325.8397502717291,108558.40000000001,11234.648527784799,77.6666666666667,8.303757038376114,39.33333333333335,4.151878519188057,39.33333333333335,4.151878519188057,13.200000000000001,1.2071217242444348,0.0,0.0,0.0,0.0,1.0,0.0
71000.0,6.953125,2.631825757109457E-6,71000.0,0.9997161448098171,0.9759987427139158,0.995,0.9732866026969845,0.9991593508911945,0.11358574610244988,0.997212149579761,1.0,0.9499718151071026,71000.0,2102232.0,15.0,128922.00000000001,343.185289395016,111163.73333333332,11485.931316594397,79.26666666666667,8.344944292090586,40.13333333333333,4.172472146045293,40.13333333333333,4.172472146045293,13.8,1.2071217242444345,0.0,0.0,0.0,0.0,1.0,0.0
72000.0,7.078125,2.7009293747444953E-6,72000.0,0.9977253148261076,0.9286603663179396,0.992,0.9604011364873828,0.9997161448098171,0.13250283125707815,0.9690749165669963,0.9401709401709402,0.9201441841120199,72000.0,2136944.0,15.0,130803.93333333333,350.4514367552374,113460.79999999999,12180.7712821714,80.60000000000001,8.85437744847146,40.800000000000004,4.42718872423573,40.800000000000004,4.42718872423573,13.8,1.2071217242444345,0.0,0.0,0.0,0.0,1.0,0.0
73000.0,7.1875,2.7629397421454396E-6,73000.0,0.9867210640236956,0.8855333608289794,0.989,0.9212034383954153,0.9977253148261076,0.08225108225108226,0.9571147165007258,0.9210526315789473,0.8898339964329811,73000.0,2191536.0,15.0,132785.86666666664,369.10874639687614,117071.99999999999,13828.105210558886,83.13333333333334,9.30335321012703,42.06666666666667,4.651676605063515,42.06666666666667,4.651676605063515,13.8,1.2071217242444345,0.0,0.0,0.0,0.0,1.0,0.0
74000.0,7.3125,2.836456276579864E-6,74000.0,0.981864106493009,0.8499038061916158,0.986,0.9127964919274466,0.9867210640236956,0.1013215859030837,0.9367635011653129,0.8804347826086957,0.8596396152282887,74000.0,2273408.0,15.0,134726.46666666665,389.06790936190504,122482.13333333333,13293.19326286237,87.66666666666666,9.123491395189413,44.33333333333333,4.561745697594707,44.33333333333333,4.561745697594707,13.8,1.2071217242444345,0.0,0.0,0.0,0.0,1.0,0.0
75000.0,7.421875,2.903247206834042E-6,75000.0,0.9604111111111111,0.6952005320374033,0.97,0.8188405797101447,0.981864106493009,0.1111111111111111,0.8688689966464066,0.76,0.6992380697767675,75000.0,2360488.0,15.0,136566.86666666667,386.9999753906713,128251.73333333334,12211.627570631586,90.46666666666667,8.733078876700167,45.733333333333334,4.366539438350084,45.733333333333334,4.366539438350084,13.8,1.2071217242444345,0.0,0.0,0.0,0.0,1.0,0.0
76000.0,7.546875,2.984543647875803E-6,76000.0,0.974335562663565,0.7016757622207904,0.969,0.8135674765455855,0.9604111111111111,0.10497237569060773,0.8884774984170225,0.8,0.6890179514255542,76000.0,2513992.0,15.0,138571.59999999998,369.0915101396204,138401.6,12071.227164507462,97.26666666666667,8.136923485539471,49.13333333333333,4.068461742769736,49.13333333333333,4.068461742769736,13.8,1.2071217242444345,0.0,0.0,0.0,0.0,1.0,0.0
77000.0,7.71875,3.1016875679294274E-6,77000.0,0.9741164758586361,0.6640734629324009,0.961,0.7699874967562337,0.974335562663565,0.10864745011086474,0.8617104569021189,0.7551020408163265,0.6086786551993743,77000.0,2634568.0,15.0,140571.46666666665,400.0571149699701,146369.06666666668,12392.383233644925,104.33333333333336,9.278751968623693,52.66666666666668,4.6393759843118465,52.66666666666668,4.6393759843118465,13.8,1.2071217242444345,0.0,0.0,0.0,0.0,1.0,0.0
78000.0,7.875,3.21509387706303E-6,78000.0,0.9652218470391928,0.6509212250579325,0.956,0.7140814867762683,0.9741164758586361,0.09051254089422028,0.8533769144008686,0.7469879518072289,0.5575609127239907,78000.0,2805560.0,15.0,142617.2666666667,400.87680092991485,157675.2,11091.04052313011,111.39999999999999,8.042742957829393,56.199999999999996,4.021371478914697,56.199999999999996,4.021371478914697,13.8,1.2071217242444345,0.0,0.0,0.0,0.0,1.0,0.0
79000.0,8.046875,3.3442801213823266E-6,79000.0,0.962617039837162,0.6562317440241027,0.967,0.803454437164979,0.9652218470391928,0.10497237569060773,0.8874820051089855,0.8,0.6679826795720833,79000.0,2905400.0,15.0,144731.1333333333,406.0129953350739,164278.9333333333,11933.165066118809,115.66666666666667,9.84644001415643,58.333333333333336,4.923220007078215,58.333333333333336,4.923220007078215,13.8,1.2071217242444345,0.0,0.0,0.0,0.0,1.0,0.0
80000.0,8.1875,3.45258740708232E-6,80000.0,0.9509572458791209,0.6320867024922175,0.952,0.7509133178346062,0.962617039837162,0.11607142857142858,0.8845631255466866,0.8076923076923077,0.5173453996983406,80000.0,2977128.0,15.0,146774.93333333335,429.18052589734464,169022.93333333332,13297.459389278987,119.00000000000001,9.258200997725513,60.00000000000001,4.629100498862757,60.00000000000001,4.629100498862757,13.8,1.2071217242444345,0.0,0.0,0.0,0.0,1.0,0.0
81000.0,8.359375,3.590271646519089E-6,81000.0,0.9535003449376538,0.6315499982572551,0.934,0.6807738814993957,0.9509572458791209,0.122334455667789,0.8574267033947061,0.7706422018348624,0.33713577185368954,81000.0,3096520.0,15.0,148844.93333333335,419.8750607819704,176920.00000000003,13135.142481145758,123.40000000000002,9.537894346837174,62.20000000000001,4.768947173418587,62.20000000000001,4.768947173418587,13.8,1.2071217242444345,0.0,0.0,0.0,0.0,1.0,0.0
82000.0,8.53125,3.7332762925264745E-6,82000.0,0.9363885243676184,0.6021614172666128,0.942,0.6862015235457058,0.9535003449376538,0.10864745011086474,0.8524313546814737,0.7551020408163265,0.4173710645595979,82000.0,3216176.0,15.0,151000.6666666667,397.08377429645725,184828.26666666666,14991.08851221126,129.66666666666666,9.401114422288051,65.33333333333334,4.700557211144024,65.33333333333334,4.700557211144024,13.8,1.2071217242444345,0.0,0.0,0.0,0.0,1.0,0.0
83000.0,8.75,3.9230229190757715E-6,83000.0,0.9424111111111111,0.6106892729927071,0.948,0.7280334728033471,0.9363885243676184,0.1111111111111111,0.8833459118601275,0.81,0.4776715478639716,83000.0,3352960.0,15.0,153365.13333333333,391.645223323847,193868.26666666663,13855.060960151855,136.33333333333334,9.875414397573874,68.66666666666667,4.937707198786937,68.66666666666667,4.937707198786937,13.8,1.2071217242444345,0.0,0.0,0.0,0.0,1.0,0.0
84000.0,8.9375,4.091577171089336E-6,84000.0,0.9523014105419451,0.5835384847529014,0.943,0.7125799229512494,0.9424111111111111,0.11358574610244988,0.8827749838579593,0.8137254901960784,0.4276150627615059,84000.0,3474888.0,15.0,155476.46666666665,402.26694524668284,201933.86666666667,14135.937089896932,140.86666666666667,10.350063261826447,70.93333333333334,5.175031630913224,70.93333333333334,5.175031630913224,13.8,1.2071217242444345,0.0,0.0,0.0,0.0,1.0,0.0
85000.0,9.171875,4.30888189132222E-6,85000.0,0.9638671433096521,0.6080241082671745,0.945,0.7112254541636036,0.9523014105419451,0.10864745011086474,0.8797437396584367,0.8061224489795918,0.44759541533735003,85000.0,3583936.0,15.0,157654.59999999998,418.2136842743063,209139.2,14705.35694034174,146.6,10.588403360010691,73.8,5.2942016800053455,73.8,5.2942016800053455,13.8,1.2071217242444345,0.0,0.0,0.0,0.0,1.0,0.0
86000.0,9.359375,4.48656931338418E-6,86000.0,0.9787995594713657,0.7056988451772207,0.948,0.7396250600865242,0.9638671433096521,0.1013215859030837,0.9420327916276692,0.9347826086956522,0.4772647574517819,86000.0,3663176.0,15.0,159723.46666666667,430.0124361435305,214377.59999999998,12645.822239549541,149.93333333333334,9.735550954155208,75.46666666666667,4.867775477077604,75.46666666666667,4.867775477077604,13.866666666666669,1.1872336794093274,0.0,0.0,0.0,0.0,1.0,0.0
87000.0,9.5625,4.682244681235818E-6,87000.0,0.9614513111255277,0.6768806487211293,0.95,0.780584347765032,0.9787995594713657,0.13765642775881684,0.9171429525867061,0.8760330578512396,0.49861687413554606,87000.0,3723704.0,15.0,161923.73333333334,470.05477897591084,218377.06666666665,11886.927798856954,153.53333333333333,9.241727317418746,77.26666666666667,4.620863658709373,77.26666666666667,4.620863658709373,13.866666666666669,1.1872336794093274,0.0,0.0,0.0,0.0,1.0,0.0
88000.0,9.78125,4.897763202380804E-6,88000.0,0.9745156388501963,0.7232672968430802,0.953,0.7803286657069675,0.9614513111255277,0.1185682326621924,0.9403172498300627,0.9245283018867925,0.5290366659075378,88000.0,3808368.0,15.0,164006.8,481.62302982430595,223969.60000000003,10583.291715853666,158.20000000000002,8.376838817324142,79.60000000000001,4.188419408662071,79.60000000000001,4.188419408662071,13.866666666666669,1.1872336794093274,0.0,0.0,0.0,0.0,1.0,0.0
89000.0,9.96875,5.086215549252101E-6,89000.0,0.9865054628900229,0.7265992363704278,0.964,0.816455760739887,0.9745156388501963,0.10741971207087486,0.9570230850783729,0.9484536082474226,0.6391485527649505,89000.0,3885104.0,15.0,166062.6,479.03575768709914,229042.13333333336,11041.885746469898,161.53333333333333,8.830682441405783,81.26666666666667,4.415341220702891,81.26666666666667,4.415341220702891,13.866666666666669,1.1872336794093274,0.0,0.0,0.0,0.0,1.0,0.0
90000.0,10.15625,5.278016388830212E-6,90000.0,0.9575772659396353,0.6787993871622287,0.933,0.6805812467819754,0.9865054628900229,0.10864745011086474,0.9030069281492937,0.8673469387755102,0.32828339088782477,90000.0,3954136.0,15.0,168343.80000000002,469.1973693751585,233604.79999999996,11752.842447680483,165.2666666666667,8.413141647503167,83.13333333333335,4.2065708237515835,83.13333333333335,4.2065708237515835,13.933333333333334,1.2227992865708153,0.0,0.0,0.0,0.0,1.0,0.0
91000.0,10.390625,5.5239044660184955E-6,91000.0,0.9591871275039592,0.6425571537360444,0.933,0.6518250602810347,0.9575772659396353,0.1001100110011001,0.8766168293426544,0.8131868131868132,0.3276356418173801,91000.0,4055352.0,15.0,170745.53333333335,478.03494592321215,240298.13333333333,10394.52183925103,169.79999999999998,10.276186062932105,85.39999999999999,5.1380930314660525,85.39999999999999,5.1380930314660525,13.933333333333334,1.2227992865708153,0.0,0.0,0.0,0.0,1.0,0.0
92000.0,10.59375,5.741046560514305E-6,92000.0,0.9493669623170476,0.6173627401754036,0.93,0.6848748953334477,0.9591871275039592,0.1273957158962796,0.8770308927503085,0.8141592920353983,0.2985513560614319,92000.0,4132216.0,15.0,172987.86666666667,479.74381060053634,245379.2,14737.277375999369,173.66666666666666,10.546947199929242,87.33333333333333,5.273473599964621,87.33333333333333,5.273473599964621,13.933333333333334,1.2227992865708153,0.0,0.0,0.0,0.0,1.0,0.0
93000.0,10.828125,6.000253520647271E-6,93000.0,0.9260185660014024,0.5885956636227812,0.913,0.621106543098042,0.9493669623170476,0.11982082866741321,0.8716671756229268,0.822429906542056,0.12887596899224846,93000.0,4275016.0,15.0,175439.53333333333,469.357291055191,254817.59999999998,12018.198467324462,180.46666666666664,9.869626325729051,90.73333333333332,4.9348131628645255,90.73333333333332,4.9348131628645255,13.933333333333334,1.2227992865708153,0.0,0.0,0.0,0.0,1.0,0.0
94000.0,11.09375,6.302762259211805E-6,94000.0,0.9264478668261563,0.5261395120530203,0.902,0.5439654530563622,0.9260185660014024,0.09649122807017543,0.8629120609195254,0.8181818181818182,0.017491467576791805,94000.0,4402216.0,15.0,177765.06666666668,474.61976761353145,263228.8,12780.471102428113,185.9333333333333,10.30580049338837,93.46666666666665,5.152900246694185,93.46666666666665,5.152900246694185,14.133333333333333,1.1254628677422753,0.0,0.0,0.0,0.0,1.0,0.0
95000.0,11.328125,6.5751692616484236E-6,95000.0,0.9197860962566845,0.5504818098634388,0.924,0.6304688183754242,0.9264478668261563,0.10987791342952276,0.8601070156072683,0.7878787878787878,0.2379947229551453,95000.0,4492720.0,15.0,180138.86666666667,477.0663126512567,269217.0666666667,14226.863882240857,189.53333333333333,10.70291460081696,95.26666666666667,5.35145730040848,95.26666666666667,5.35145730040848,14.2,1.082325538564332,0.0,0.0,0.0,0.0,1.0,0.0
96000.0,11.5625,6.854620846247094E-6,96000.0,0.9237802463268782,0.5355000895878805,0.909,0.6079546433679714,0.9197860962566845,0.12866817155756208,0.8457531578561224,0.7719298245614035,0.08895609552612352,96000.0,4608904.0,15.0,182481.33333333334,478.9267266751864,276896.00000000006,14505.717966177523,195.53333333333333,10.01332445627658,98.26666666666667,5.00666222813829,98.26666666666667,5.00666222813829,14.4,0.9102589898327997,0.0,0.0,0.0,0.0,1.0,0.0
97000.0,11.8125,7.158342729477833E-6,97000.0,0.9453619309562279,0.5552183211174216,0.911,0.587175538527191,0.9237802463268782,0.09769484083424808,0.8899676000206111,0.8651685393258427,0.1079768547220501,97000.0,4696112.0,15.0,184615.86666666664,483.8963682836429,282660.8,12921.448410629953,199.53333333333333,10.098561896673823,100.26666666666667,5.049280948336912,100.26666666666667,5.049280948336912,14.4,0.9102589898327997,0.0,0.0,0.0,0.0,1.0,0.0
98000.0,12.078125,7.487895329379374E-6,98000.0,0.9068535049969769,0.5285401730305903,0.898,0.5275896884870828,0.9453619309562279,0.10253583241455347,0.8343279857884037,0.7634408602150538,-0.02302732575990118,98000.0,4795768.0,15.0,187344.33333333334,470.2248195835438,289250.6666666666,14289.099195174062,203.93333333333334,11.410938778624823,102.46666666666667,5.7054693893124115,102.46666666666667,5.7054693893124115,14.466666666666667,0.9154754164341272,0.0,0.0,0.0,0.0,1.0,0.0
99000.0,12.328125,7.801276062511737E-6,99000.0,0.938691480081419,0.5067473764176494,0.909,0.5827984595635431,0.9068535049969769,0.10497237569060773,0.8682838454616204,0.8210526315789474,0.08686397729576362,99000.0,4845456.0,15.0,189699.33333333334,482.1370087828716,292529.06666666665,16243.072156050612,208.46666666666664,13.081429949505132,104.73333333333332,6.540714974752566,104.73333333333332,6.540714974752566,14.533333333333333,0.9154754164341272,0.0,0.0,0.0,0.0,1.0,0.0
100000.0,12.59375,8.14649402551974E-6,100000.0,0.9214802866386702,0.5091815756563387,0.895,0.5988324112846535,0.938691480081419,0.1402508551881414,0.8622209791685401,0.8211382113821138,-0.05115627189908846,100000.0,5023736.0,15.0,192315.86666666664,492.62936903731486,304321.6,18309.561892238562,214.6,13.526693186859402,107.8,6.763346593429701,107.8,6.763346593429701,14.6,0.9102589898327994,0.0,0.0,0.0,0.0,1.0,0.0
101000.0,12.84375,8.477913959520974E-6,101000.0,0.9171867686066469,0.5103104311801867,0.895,0.5780828082808283,0.9214802866386702,0.13122171945701358,0.8487827782843639,0.7931034482758621,-0.04948045522018808,101000.0,5124376.0,15.0,194701.6666666667,481.1801959270332,310983.4666666666,19752.390082745766,217.66666666666669,15.036463616663264,109.33333333333334,7.518231808331632,109.33333333333334,7.518231808331632,14.6,0.9102589898327994,0.0,0.0,0.0,0.0,1.0,0.0
102000.0,13.09375,8.813250104948465E-6,102000.0,0.9247920907240477,0.5235857555925962,0.897,0.5479283707865168,0.9171867686066469,0.10497237569060773,0.8619918506384067,0.8210526315789474,-0.030000000000000034,102000.0,5184928.0,15.0,197248.93333333335,491.51376476389567,314984.0,18998.496902950737,221.66666666666666,15.131172490999539,111.33333333333333,7.5655862454997695,111.33333333333333,7.5655862454997695,14.6,0.9102589898327994,0.0,0.0,0.0,0.0,1.0,0.0
103000.0,13.34375,9.154955461983467E-6,103000.0,0.9422390229717941,0.5307197632537701,0.881,0.499073918168042,0.9247920907240477,0.10497237569060773,0.8435651782433599,0.8,-0.19057795046138926,103000.0,5283408.0,15.0,199585.93333333332,492.64540517303203,321493.86666666664,20524.466117527252,225.93333333333334,15.908069231263317,113.46666666666667,7.954034615631659,113.46666666666667,7.954034615631659,14.6,0.9102589898327994,0.0,0.0,0.0,0.0,1.0,0.0
104000.0,13.625,9.545932827879573E-6,104000.0,0.967902528494694,0.5934572214152002,0.893,0.584013684783454,0.9422390229717941,0.11358574610244988,0.9097561373959913,0.9313725490196079,-0.07030874290660749,104000.0,5373552.0,15.0,201988.73333333334,492.14595202565135,327452.8,22392.87780650676,229.79999999999998,17.234516860897827,115.39999999999999,8.617258430448913,115.39999999999999,8.617258430448913,14.666666666666666,0.9759000729485332,0.0,0.0,0.0,0.0,1.0,0.0
105000.0,13.875,9.898054510510217E-6,105000.0,0.9601498920445108,0.58160007463697,0.896,0.5902672718103884,0.967902528494694,0.1210762331838565,0.8887584763575866,0.8796296296296297,-0.039504997620180636,105000.0,5444464.0,15.0,204522.86666666667,526.5812739694019,332140.8,22426.694257386345,233.5333333333333,17.410451157962843,117.26666666666665,8.705225578981421,117.26666666666665,8.705225578981421,14.933333333333334,1.0327955589886444,0.0,0.0,0.0,0.0,1.0,0.0
106000.0,14.140625,1.0279964254651633E-5,106000.0,0.948006095467033,0.5819250515549794,0.899,0.5942732268534884,0.9601498920445108,0.11607142857142858,0.8968882216546593,0.8942307692307693,-0.00914318031859769,106000.0,5557688.0,15.0,206919.66666666666,514.6555945021718,339623.4666666667,23716.469304402508,239.00000000000003,17.320508075688764,120.00000000000001,8.660254037844382,120.00000000000001,8.660254037844382,15.0,1.0690449676496976,0.0,0.0,0.0,0.0,1.0,0.0
107000.0,14.390625,1.0644472527524664E-5,107000.0,0.9551111111111111,0.569862211153762,0.9,0.5928338762214985,0.948006095467033,0.1111111111111111,0.9044273817664351,0.91,8.404146045385817E-4,107000.0,5635984.0,15.0,209399.1333333333,501.66663186205193,344797.86666666664,23321.58513929798,243.13333333333333,17.68722972198007,122.06666666666666,8.843614860990035,122.06666666666666,8.843614860990035,15.0,1.0690449676496976,0.0,0.0,0.0,0.0,1.0,0.0
108000.0,14.65625,1.1039712893155714E-5,108000.0,0.9334828101644245,0.5565976975990313,0.88,0.5386318897637795,0.9551111111111111,0.1210762331838565,0.8633062654828374,0.8425925925925926,-0.19811407968937766,108000.0,5751680.0,15.0,211825.86666666667,519.6178357582536,352446.9333333333,23022.429186297777,248.20000000000002,17.448700319999272,124.60000000000001,8.724350159999636,124.60000000000001,8.724350159999636,15.0,1.0690449676496976,0.0,0.0,0.0,0.0,1.0,0.0
109000.0,14.921875,1.1442388479028726E-5,109000.0,0.9352093973442288,0.5512311920619741,0.887,0.5636728704919299,0.9334828101644245,0.12359550561797752,0.8725878761673925,0.8545454545454545,-0.12720783380616862,109000.0,5859880.0,15.0,214248.33333333334,527.2620203421016,359597.3333333334,23736.761828337865,253.79999999999998,18.327185116261425,127.39999999999999,9.163592558130713,127.39999999999999,9.163592558130713,15.0,1.0690449676496976,0.0,0.0,0.0,0.0,1.0,0.0
110000.0,15.203125,1.1873998284702086E-5,110000.0,0.9608607153242221,0.6067752981108374,0.921,0.6457081352587679,0.9352093973442288,0.10497237569060773,0.9186637070702155,0.9157894736842105,0.2115768463073853,110000.0,5932000.0,15.0,216759.26666666663,534.5037039383494,364364.8,24528.39861757912,257.0,17.84056373228476,129.0,8.92028186614238,129.0,8.92028186614238,15.266666666666667,1.099783528483587,0.0,0.0,0.0,0.0,1.0,0.0
111000.0,15.484375,1.2314523175720954E-5,111000.0,0.9633349274669217,0.6211590673167711,0.924,0.6149325118560255,0.9608607153242221,0.08932461873638345,0.902729799213128,0.8780487804878049,0.24027377521613894,111000.0,6054528.0,15.0,219196.3333333333,545.7690074782678,372465.6,24657.335311945495,261.66666666666663,17.54450124140108,131.33333333333331,8.77225062070054,131.33333333333331,8.77225062070054,15.399999999999999,1.2421180068162376,0.0,0.0,0.0,0.0,1.0,0.0
112000.0,15.78125,1.2784762010495696E-5,112000.0,0.9378737651295719,0.5742600376200888,0.905,0.5930919869104119,0.9633349274669217,0.11234705228031146,0.8807459275602555,0.8514851485148515,0.05042391789379783,112000.0,6122760.0,15.0,221754.2666666667,564.9365914692963,376975.4666666667,24328.35654676794,265.8,18.327185116261422,133.4,9.163592558130711,133.4,9.163592558130711,15.466666666666665,1.2459458063579463,0.0,0.0,0.0,0.0,1.0,0.0
113000.0,16.046875,1.3212161009303399E-5,113000.0,0.9314566306797162,0.5894881064824603,0.91,0.6026805816756285,0.9378737651295719,0.10987791342952276,0.881961594398463,0.8484848484848485,0.10031847133757948,113000.0,6219664.0,15.0,224141.66666666666,547.2467015715607,383386.1333333333,24658.32573932519,269.40000000000003,18.364562147166556,135.20000000000002,9.182281073583278,135.20000000000002,9.182281073583278,15.466666666666665,1.2459458063579463,0.0,0.0,0.0,0.0,1.0,0.0
114000.0,16.328125,1.3672569637290307E-5,114000.0,0.9223704830383481,0.5719909604295528,0.921,0.62938637643085,0.9314566306797162,0.10619469026548672,0.8854464900408515,0.84375,0.21000000000000024,114000.0,6327808.0,15.0,226719.0,530.8233496855895,390530.66666666674,24501.929051364397,275.26666666666665,17.902380794051894,138.13333333333333,8.951190397025947,138.13333333333333,8.951190397025947,15.466666666666665,1.2459458063579463,0.0,0.0,0.0,0.0,1.0,0.0
115000.0,16.625,1.4164258900564165E-5,115000.0,0.9402235395266754,0.6286177687893946,0.932,0.6770516717325231,0.9223704830383481,0.10864745011086474,0.9024743377590239,0.8673469387755102,0.3198817185597497,115000.0,6402056.0,15.0,229159.6,532.1216026436076,395435.7333333334,25480.221370048304,279.8,18.139144727041888,140.4,9.069572363520944,140.4,9.069572363520944,15.466666666666665,1.2459458063579463,0.0,0.0,0.0,0.0,1.0,0.0
116000.0,16.9375,1.4689458863964926E-5,116000.0,0.9353700722676987,0.5944607102185964,0.905,0.5883810811279228,0.9402235395266754,0.10741971207087486,0.8873224696739085,0.865979381443299,0.04959034066407952,116000.0,6496464.0,15.0,231780.2666666667,528.7146768568103,401676.26666666666,24907.10161341444,284.59999999999997,19.186304639358926,142.79999999999998,9.593152319679463,142.79999999999998,9.593152319679463,15.466666666666665,1.2459458063579463,0.0,0.0,0.0,0.0,1.0,0.0
117000.0,17.21875,1.5171999208784354E-5,117000.0,0.948810700785112,0.5980024653074645,0.929,0.6695830230826512,0.9353700722676987,0.10497237569060773,0.9182837956743443,0.9052631578947369,0.28939264328485903,117000.0,6631984.0,15.0,234387.3333333333,500.2801596058364,410635.19999999995,25212.013789348246,290.46666666666664,18.00740588387641,145.73333333333332,9.003702941938204,145.73333333333332,9.003702941938204,15.533333333333331,1.2459458063579465,0.0,0.0,0.0,0.0,1.0,0.0
118000.0,17.5,1.5661563472046208E-5,118000.0,0.9228236927791611,0.5632156450458838,0.909,0.589616855472978,0.948810700785112,0.1013215859030837,0.8910158319550129,0.8695652173913043,0.08860974367679558,118000.0,6728520.0,15.0,236922.93333333332,498.64422855044796,417020.8,26497.307731703073,293.9333333333334,19.52092893964491,147.4666666666667,9.760464469822455,147.4666666666667,9.760464469822455,15.533333333333331,1.2459458063579465,0.0,0.0,0.0,0.0,1.0,0.0
119000.0,17.796875,1.6183770074146903E-5,119000.0,0.9645054945054945,0.6278611976486793,0.932,0.6679687500000004,0.9228236927791611,0.0989010989010989,0.9174139478165523,0.9,0.3183962264150951,119000.0,6799408.0,15.0,239338.06666666668,498.97415717029435,421703.46666666673,25883.104157695125,298.06666666666666,18.077083624881325,149.53333333333333,9.038541812440663,149.53333333333333,9.038541812440663,15.666666666666664,1.345185418269099,0.0,0.0,0.0,0.0,1.0,0.0
120000.0,18.09375,1.6710509209790163E-5,120000.0,0.9426549614259111,0.6063051173061969,0.918,0.644421317375656,0.9645054945054945,0.11731843575418995,0.8948851137732075,0.8666666666666667,0.17842531518744342,120000.0,6858424.0,15.0,241966.73333333337,503.5962763204309,425592.5333333333,25597.912498222722,304.3333333333333,19.25270543759154,152.66666666666666,9.62635271879577,152.66666666666666,9.62635271879577,15.933333333333334,1.0327955589886444,0.0,0.0,0.0,0.0,1.0,0.0
121000.0,18.375,1.721958526306682E-5,121000.0,0.9386625975751536,0.6032493802542066,0.918,0.6415081141578066,0.9426549614259111,0.1210762331838565,0.8795127065010835,0.8333333333333334,0.17898220935043446,121000.0,6996688.0,15.0,244249.73333333334,514.9545703494701,434741.3333333334,28347.891941444414,308.7333333333334,20.727713217769463,154.8666666666667,10.363856608884731,154.8666666666667,10.363856608884731,15.933333333333334,1.0327955589886444,0.0,0.0,0.0,0.0,1.0,0.0
122000.0,18.703125,1.7825392747504843E-5,122000.0,0.9358681388298113,0.5792185124161918,0.914,0.6094601467703263,0.9386625975751536,0.10864745011086474,0.8785212740409227,0.8367346938775511,0.13879996716736517,122000.0,7136704.0,15.0,246884.2,529.0256812561831,444001.5999999999,28035.821037685768,313.9333333333333,23.236260661384613,157.46666666666664,11.618130330692306,157.46666666666664,11.618130330692306,16.0,0.9258200997725512,0.0,0.0,0.0,0.0,1.0,0.0
123000.0,19.015625,1.8411096340666216E-5,123000.0,0.9507610101669508,0.6067011146700598,0.932,0.6568394917187299,0.9358681388298113,0.1001100110011001,0.89212514875201,0.8461538461538461,0.3185595567867042,123000.0,7244864.0,15.0,249323.73333333334,526.7506141655726,451149.3333333333,30343.473712684598,319.53333333333336,24.301283524793103,160.26666666666668,12.150641762396551,160.26666666666668,12.150641762396551,16.0,0.9258200997725512,0.0,0.0,0.0,0.0,1.0,0.0
124000.0,19.375,1.909463828067399E-5,124000.0,0.9308502278799309,0.5753859477969625,0.918,0.6118269695047482,0.9507610101669508,0.1001100110011001,0.8899883189799696,0.8571428571428571,0.17767893247068386,124000.0,7352240.0,15.0,251868.66666666666,505.39117334519904,458245.3333333334,33993.91457025099,325.0,25.634797778466226,163.0,12.817398889233113,163.0,12.817398889233113,16.2,0.9411239481143204,0.0,0.0,0.0,0.0,1.0,0.0
125000.0,19.6875,1.9697150952803593E-5,125000.0,0.9351206746147136,0.589577416566296,0.92,0.6290973155918217,0.9308502278799309,0.10497237569060773,0.8940109605354006,0.8631578947368421,0.19743178170144496,125000.0,7452784.0,15.0,254737.1333333333,508.6295124669707,464890.6666666667,33569.08464360509,330.3333333333333,26.25878537792275,165.66666666666666,13.129392688961374,165.66666666666666,13.129392688961374,16.2,0.9411239481143204,0.0,0.0,0.0,0.0,1.0,0.0
126000.0,20.0,2.0309474849556057E-5,126000.0,0.9437597174600233,0.5928459373790534,0.911,0.6198530668033488,0.9351206746147136,0.122334455667789,0.8722495062688048,0.8256880733944955,0.10780491685893855,126000.0,7574144.0,15.0,257321.4,506.7976209212374,472914.6666666667,33249.98559541399,335.8,26.90512431277198,168.4,13.45256215638599,168.4,13.45256215638599,16.4,1.0555973258234956,0.0,0.0,0.0,0.0,1.0,0.0
127000.0,20.34375,2.0992144515427452E-5,127000.0,0.9608178922492037,0.6317294689664583,0.925,0.6608237911759919,0.9437597174600233,0.10741971207087486,0.917010530200095,0.9072164948453608,0.24798673614400835,127000.0,7676624.0,15.0,259614.19999999998,495.5386967735325,479688.00000000006,36262.84615730777,340.59999999999997,27.06816791520465,170.79999999999998,13.534083957602325,170.79999999999998,13.534083957602325,16.4,1.0555973258234956,0.0,0.0,0.0,0.0,1.0,0.0
128000.0,20.71875,2.1748699752303464E-5,128000.0,0.9452991960714427,0.6339078397576066,0.931,0.7104392929682913,0.9608178922492037,0.12866817155756208,0.9188920499716002,0.9035087719298246,0.3089201877934278,128000.0,7798512.0,15.0,262171.13333333336,465.6822746813268,487746.13333333336,34826.25682249912,345.8,26.216679532585466,173.4,13.108339766292733,173.4,13.108339766292733,16.4,1.0555973258234956,0.0,0.0,0.0,0.0,1.0,0.0
129000.0,21.078125,2.248073365384092E-5,129000.0,0.9244666666666667,0.6127702901630783,0.918,0.6245421245421245,0.9452991960714427,0.1111111111111111,0.8775280938839255,0.83,0.1787267080745344,129000.0,7873824.0,15.0,264640.0,466.0312681109919,492727.46666666673,35724.787452864985,348.99999999999994,26.970883771737476,174.99999999999997,13.485441885868738,174.99999999999997,13.485441885868738,16.46666666666667,1.060098827378619,0.0,0.0,0.0,0.0,1.0,0.0
130000.0,21.4375,2.3219274751479844E-5,130000.0,0.961573453361425,0.6456953987582192,0.936,0.6896819239720716,0.9244666666666667,0.1013215859030837,0.9255984154795063,0.9130434782608695,0.35861856305889644,130000.0,7943816.0,15.0,267086.13333333324,496.91963516202145,497344.0,35288.87351964801,354.7333333333333,26.434465237279774,177.86666666666665,13.217232618639887,177.86666666666665,13.217232618639887,16.6,1.0555973258234947,0.0,0.0,0.0,0.0,1.0,0.0
131000.0,21.8125,2.3999800679222165E-5,131000.0,0.9688038689906148,0.6270865104379519,0.939,0.6933070549432868,0.961573453361425,0.1013215859030837,0.9121144067798477,0.8804347826086957,0.3883190447030001,131000.0,8045600.0,15.0,269641.39999999997,497.0810224270857,504073.5999999999,36050.56717762666,359.13333333333327,26.158491291866724,180.06666666666663,13.079245645933362,180.06666666666663,13.079245645933362,16.6,1.0555973258234947,0.0,0.0,0.0,0.0,1.0,0.0
132000.0,22.15625,2.4728726615042736E-5,132000.0,0.9403545673076923,0.6035304432098997,0.934,0.6786382050483019,0.9688038689906148,0.11607142857142858,0.8706290454336723,0.7980769230769231,0.3383961117861485,132000.0,8196776.0,15.0,272328.2666666667,514.6278081802191,514066.13333333336,35906.81647555967,366.20000000000005,25.865586624481786,183.60000000000002,12.932793312240893,183.60000000000002,12.932793312240893,16.73333333333333,1.0997835284835884,0.0,0.0,0.0,0.0,1.0,0.0
133000.0,22.5,2.5467245432082564E-5,133000.0,0.97089392549893,0.6517817782081821,0.939,0.7194370343114707,0.9403545673076923,0.11358574610244988,0.9268050714731331,0.9117647058823529,0.3886209495101725,133000.0,8304648.0,15.0,274776.0666666666,512.096596170627,521198.4000000001,33928.13490053013,370.59999999999997,24.520545321365578,185.79999999999998,12.260272660682789,185.79999999999998,12.260272660682789,16.73333333333333,1.0997835284835884,0.0,0.0,0.0,0.0,1.0,0.0
134000.0,22.875,2.6283076246424267E-5,134000.0,0.9706476142119707,0.6401418893320475,0.925,0.6517070996024821,0.97089392549893,0.1001100110011001,0.9241341157672159,0.9230769230769231,0.24781079260534414,134000.0,8409520.0,15.0,277116.6,519.7801458309212,528131.2,33395.308043410616,375.13333333333327,24.744022847279048,188.06666666666663,12.372011423639524,188.06666666666663,12.372011423639524,16.8,1.082325538564332,0.0,0.0,0.0,0.0,1.0,0.0
135000.0,23.25,2.710626528520758E-5,135000.0,0.9478143150355911,0.6492211870960771,0.927,0.6737984163583394,0.9706476142119707,0.11358574610244988,0.9113508031901832,0.8921568627450981,0.2679937606774123,135000.0,8485368.0,15.0,279366.86666666664,519.6761170832139,533147.7333333334,33713.04423993491,377.93333333333334,25.04700343259411,189.46666666666667,12.523501716297055,189.46666666666667,12.523501716297055,16.8,1.082325538564332,0.0,0.0,0.0,0.0,1.0,0.0
136000.0,23.609375,2.790254036275049E-5,136000.0,0.9248813545688546,0.5823969208925905,0.908,0.6129770478562294,0.9478143150355911,0.12612612612612611,0.864601988835961,0.8125,0.07830570902394167,136000.0,8564808.0,15.0,281938.13333333336,511.24482067466215,538401.6,34833.88776300623,381.8,25.408659941051596,191.4,12.704329970525798,191.4,12.704329970525798,16.8,1.082325538564332,0.0,0.0,0.0,0.0,1.0,0.0
137000.0,23.96875,2.8707301050114137E-5,137000.0,0.9630040695523493,0.6208729678972014,0.929,0.6738571218580041,0.9248813545688546,0.10987791342952276,0.9108761717009879,0.8888888888888888,0.2886499926868512,137000.0,8656080.0,15.0,284558.0666666667,506.9208823399943,544428.2666666667,35119.84469430895,388.0666666666666,25.70010190826563,194.5333333333333,12.850050954132815,194.5333333333333,12.850050954132815,17.0,1.1338934190276813,0.0,0.0,0.0,0.0,1.0,0.0
138000.0,24.3125,2.948999236751762E-5,138000.0,0.9318842384985883,0.5999306638085545,0.92,0.6478377236230457,0.9630040695523493,0.1210762331838565,0.8805742792550216,0.8333333333333334,0.19895515890291737,138000.0,8801368.0,15.0,287058.2,498.09998996185135,554038.4000000001,35117.17453001347,393.1333333333333,25.77337127088086,197.06666666666666,12.88668563544043,197.06666666666666,12.88668563544043,17.06666666666667,1.162919151265878,0.0,0.0,0.0,0.0,1.0,0.0
139000.0,24.6875,3.0353142129671245E-5,139000.0,0.9629417773237998,0.6378730532890866,0.95,0.7669214991609172,0.9318842384985883,0.12359550561797752,0.9193249288588047,0.8818181818181818,0.49971206449755223,139000.0,8897280.0,15.0,289477.26666666666,488.83571103281747,560381.3333333334,34490.23787903441,397.13333333333327,24.639882498173776,199.06666666666663,12.319941249086888,199.06666666666663,12.319941249086888,17.133333333333333,1.1254628677422753,0.0,0.0,0.0,0.0,1.0,0.0
140000.0,25.046875,3.1188142796357475E-5,140000.0,0.9639473926239308,0.6459123977691853,0.955,0.7424745335927662,0.9629417773237998,0.09051254089422028,0.925507835790238,0.891566265060241,0.549194991055456,140000.0,8981344.0,15.0,291965.20000000007,470.1497026023926,565930.6666666666,32227.046765691946,402.8666666666667,26.634742796008446,201.93333333333334,13.317371398004223,201.93333333333334,13.317371398004223,17.133333333333333,1.1254628677422753,0.0,0.0,0.0,0.0,1.0,0.0
141000.0,25.4375,3.21073129048778E-5,141000.0,0.9256316288203126,0.5769640194064218,0.933,0.6625637099861,0.9639473926239308,0.10741971207087486,0.8725706812596232,0.8041237113402062,0.3286668561682782,141000.0,9095744.0,15.0,294738.1333333333,446.29936568353656,573494.4000000001,35184.39240994707,408.46666666666664,27.06042620999653,204.73333333333332,13.530213104998264,204.73333333333332,13.530213104998264,17.333333333333336,1.1126972805283732,0.0,0.0,0.0,0.0,1.0,0.0
142000.0,25.796875,3.296353391811459E-5,142000.0,0.9108215101758861,0.5950713583260495,0.943,0.6769952625971843,0.9256316288203126,0.08932461873638345,0.8950596822825616,0.8414634146341463,0.4281475201356499,142000.0,9209592.0,15.0,297684.3333333334,448.3137719223323,581019.1999999998,36167.95080731008,414.06666666666666,26.380367880751958,207.53333333333333,13.190183940375979,207.53333333333333,13.190183940375979,17.333333333333336,1.1126972805283732,0.0,0.0,0.0,0.0,1.0,0.0
143000.0,26.1875,3.390579225702419E-5,143000.0,0.9499621983134632,0.6072012715637993,0.939,0.6799244411795569,0.9108215101758861,0.10497237569060773,0.8734259717782588,0.8,0.387816688890448,143000.0,9324216.0,15.0,300381.13333333336,455.811030184751,588595.2000000001,36344.43429821328,420.06666666666666,27.212042152239114,210.53333333333333,13.606021076119557,210.53333333333333,13.606021076119557,17.333333333333336,1.1126972805283732,0.0,0.0,0.0,0.0,1.0,0.0
144000.0,26.59375,3.489803141241687E-5,144000.0,0.9439382069572149,0.6466436165439794,0.945,0.6826386003785253,0.9499621983134632,0.08577633007600434,0.9053382976378386,0.8607594936708861,0.44723618090452233,144000.0,9441160.0,15.0,302988.53333333344,453.4080260595481,596321.6,35992.07788388996,426.33333333333337,29.390636669006057,213.66666666666669,14.695318334503028,213.66666666666669,14.695318334503028,17.333333333333336,1.1126972805283732,0.0,0.0,0.0,0.0,1.0,0.0
145000.0,27.015625,3.593991594647782E-5,145000.0,0.9763320427728613,0.6687138413288296,0.95,0.7492779204107829,0.9439382069572149,0.10619469026548672,0.9301332988017487,0.90625,0.4973655019412087,145000.0,9546368.0,15.0,305503.00000000006,450.7661731509247,603273.6000000001,39725.11711535373,431.4,30.865607304663794,216.2,15.432803652331897,216.2,15.432803652331897,17.333333333333336,1.1126972805283732,0.0,0.0,0.0,0.0,1.0,0.0
146000.0,27.453125,3.703698030828188E-5,146000.0,0.9445597233306731,0.6298158489439416,0.944,0.7272682998100616,0.9763320427728613,0.11731843575418995,0.8953071467033062,0.8380952380952381,0.4372634042260305,146000.0,9692960.0,15.0,307915.99999999994,427.80302543511067,612966.4,41267.06200349135,437.0,30.331501776206206,219.0,15.165750888103103,219.0,15.165750888103103,17.333333333333336,1.1126972805283732,0.0,0.0,0.0,0.0,1.0,0.0
147000.0,27.859375,3.8064634686128964E-5,147000.0,0.94246632672166,0.6008941799988895,0.947,0.7284335225758847,0.9445597233306731,0.11234705228031146,0.8887004184725714,0.8217821782178217,0.46746411483253564,147000.0,9778136.0,15.0,310517.0,435.3235250116533,618597.8666666666,40446.55597181241,441.8,31.3122522801721,221.4,15.65612614008605,221.4,15.65612614008605,17.333333333333336,1.1126972805283732,0.0,0.0,0.0,0.0,1.0,0.0
148000.0,28.296875,3.9184559912731254E-5,148000.0,0.9526984126984127,0.6503404783038989,0.95,0.7346072186836514,0.94246632672166,0.0989010989010989,0.9218551132454871,0.8888888888888888,0.49728260869565166,148000.0,9894944.0,15.0,313113.39999999997,432.71729471199694,626321.6000000001,41125.67089300791,446.46666666666664,30.617144279137527,223.73333333333332,15.308572139568764,223.73333333333332,15.308572139568764,17.333333333333336,1.1126972805283732,0.0,0.0,0.0,0.0,1.0,0.0
149000.0,28.703125,4.023603435295324E-5,149000.0,0.9755859261413201,0.6740944115004245,0.944,0.7281157450114092,0.9526984126984127,0.10497237569060773,0.9360350820912087,0.9263157894736842,0.4367870401619974,149000.0,1.0004784E7,15.0,315508.4666666667,456.6137577970237,633586.6666666666,42023.04191523413,450.2,30.112171245907476,225.6,15.056085622953738,225.6,15.056085622953738,17.333333333333336,1.1126972805283732,0.0,0.0,0.0,0.0,1.0,0.0
150000.0,29.171875,4.146381145498406E-5,150000.0,0.9453572389407741,0.6060447156052932,0.936,0.7155049786628737,0.9755859261413201,0.13378684807256236,0.8842835607058719,0.8220338983050848,0.3571285073327538,150000.0,1.0124664E7,15.0,318054.86666666664,461.28173397095014,641517.3333333334,40258.353629431724,454.8666666666666,29.066098727522682,227.9333333333333,14.533049363761341,227.9333333333333,14.533049363761341,17.333333333333336,1.1126972805283732,0.0,0.0,0.0,0.0,1.0,0.0
151000.0,29.5625,4.2495448465666017E-5,151000.0,0.9384970683527842,0.6248626050634245,0.96,0.7816713061514106,0.9453572389407741,0.10987791342952276,0.8984092015822162,0.8282828282828283,0.5981905268759974,151000.0,1.0208672E7,15.0,320509.26666666666,448.65664037476455,647067.2000000001,39228.05605904308,460.33333333333337,29.594079201920163,230.66666666666669,14.797039600960082,230.66666666666669,14.797039600960082,17.466666666666665,1.1254628677422758,0.0,0.0,0.0,0.0,1.0,0.0
152000.0,30.03125,4.374901253160918E-5,152000.0,0.9312576312576313,0.6089942783024851,0.946,0.6975806451612901,0.9384970683527842,0.0989010989010989,0.8765567000209675,0.8,0.45721465414627643,152000.0,1.0337312E7,15.0,323255.06666666665,425.4952520579041,655569.0666666667,41750.47049087619,466.8666666666666,31.581791016494368,233.9333333333333,15.790895508247184,233.9333333333333,15.790895508247184,17.466666666666665,1.1254628677422758,0.0,0.0,0.0,0.0,1.0,0.0
153000.0,30.5,4.50110215590232E-5,153000.0,0.9624724061810155,0.6296748429985866,0.951,0.7429548649726164,0.9312576312576313,0.10375275938189846,0.9147212930260612,0.8723404255319149,0.5072949526813874,153000.0,1.0406952E7,15.0,325662.86666666664,425.2456209007225,660171.7333333334,41120.55617930328,470.73333333333335,32.538914431507266,235.86666666666667,16.269457215753633,235.86666666666667,16.269457215753633,17.466666666666665,1.1254628677422758,0.0,0.0,0.0,0.0,1.0,0.0
154000.0,30.984375,4.6327943144003975E-5,154000.0,0.9693509615384616,0.6647464934567018,0.951,0.7641418614501905,0.9624724061810155,0.11607142857142858,0.9253679287566803,0.8942307692307693,0.5074412532637073,154000.0,1.0509464E7,15.0,328082.19999999995,460.7255458203298,666947.2000000001,43293.82655298556,475.5333333333333,33.41912768517598,238.26666666666665,16.70956384258799,238.26666666666665,16.70956384258799,17.466666666666665,1.1254628677422758,0.0,0.0,0.0,0.0,1.0,0.0
155000.0,31.46875,4.765887217622044E-5,155000.0,0.9665089921874074,0.6666759408397017,0.955,0.7599026805531839,0.9693509615384616,0.10253583241455347,0.9212318196757531,0.8817204301075269,0.5474599364173094,155000.0,1.0621248E7,15.0,330528.06666666665,444.3316757730073,674340.2666666666,44675.53320725319,479.6666666666667,32.903900478008175,240.33333333333334,16.451950239004088,240.33333333333334,16.451950239004088,17.666666666666668,1.2909944487358056,0.0,0.0,0.0,0.0,1.0,0.0
156000.0,31.96875,4.9044587034990815E-5,156000.0,0.9597897912277341,0.6570013462894669,0.957,0.7706324144405562,0.9665089921874074,0.1013215859030837,0.9318755659875312,0.9021739130434783,0.5673653660109639,156000.0,1.071288E7,15.0,332998.4,432.199160440772,680392.5333333333,46057.853057504406,485.0,33.18347265044539,243.0,16.591736325222694,243.0,16.591736325222694,17.666666666666668,1.2909944487358056,0.0,0.0,0.0,0.0,1.0,0.0
157000.0,32.4375,5.0357714030219045E-5,157000.0,0.9596584623893806,0.6452879162853795,0.953,0.7468872517340913,0.9597897912277341,0.10619469026548672,0.8970822911908035,0.8333333333333334,0.5270174988782764,157000.0,1.0828488E7,15.0,335364.73333333334,433.46007670285246,688037.8666666667,46586.15117004296,489.5333333333333,34.47124405452561,245.26666666666665,17.235622027262806,245.26666666666665,17.235622027262806,17.8,1.4242792663559454,0.0,0.0,0.0,0.0,1.0,0.0
158000.0,32.90625,5.168242143958601E-5,158000.0,0.9547347184065934,0.644249402042998,0.95,0.7546518018371671,0.9596584623893806,0.11607142857142858,0.911380654722382,0.8653846153846154,0.4969754855141672,158000.0,1.0923984E7,15.0,337874.79999999993,437.4617044464177,694350.4,47333.427023918,494.20000000000005,35.390071246850326,247.60000000000002,17.695035623425163,247.60000000000002,17.695035623425163,17.8,1.4242792663559454,0.0,0.0,0.0,0.0,1.0,0.0
159000.0,33.40625,5.311106819944043E-5,159000.0,0.9278114760493057,0.6114066622550568,0.943,0.7291698342709441,0.9547347184065934,0.13122171945701358,0.8695315938468071,0.7844827586206896,0.42715378294671585,159000.0,1.1044784E7,15.0,340441.86666666664,433.4766209986285,702339.1999999998,46961.4306718062,499.40000000000003,36.0095225500938,250.20000000000002,18.0047612750469,250.20000000000002,18.0047612750469,18.0,1.4638501094227998,0.0,0.0,0.0,0.0,1.0,0.0
160000.0,33.921875,5.459591303305287E-5,160000.0,0.9715371736277659,0.6585530489996776,0.964,0.806908388757777,0.9278114760493057,0.10864745011086474,0.9242302459784242,0.8775510204081632,0.6381682266474024,160000.0,1.1131392E7,15.0,342847.3333333334,452.65465654870184,708063.9999999999,47032.395012070476,503.40000000000003,36.041246212796636,252.20000000000002,18.020623106398318,252.20000000000002,18.020623106398318,18.0,1.4638501094227998,0.0,0.0,0.0,0.0,1.0,0.0
161000.0,34.421875,5.6047259228459256E-5,161000.0,0.9600581564408258,0.6273832918106451,0.951,0.7406858594411512,0.9715371736277659,0.10497237569060773,0.9053490360071786,0.8526315789473684,0.5073685525165477,161000.0,1.1220272E7,15.0,345427.60000000003,452.6355834758926,713937.6,48207.96151911604,508.33333333333337,36.68917058336475,254.66666666666669,18.344585291682375,254.66666666666669,18.344585291682375,18.066666666666666,1.4375905768565216,0.0,0.0,0.0,0.0,1.0,0.0
162000.0,34.953125,5.760019719471328E-5,162000.0,0.9706111111111111,0.6546120880660955,0.959,0.7949999999999999,0.9600581564408258,0.1111111111111111,0.9414173711307152,0.92,0.5878118406354721,162000.0,1.1299456E7,15.0,347849.8666666667,435.088639026014,719165.3333333334,48111.0825763323,513.9333333333334,37.00090088993329,257.4666666666667,18.500450444966646,257.4666666666667,18.500450444966646,18.133333333333333,1.4573295865416045,0.0,0.0,0.0,0.0,1.0,0.0
163000.0,35.453125,5.907899567521075E-5,163000.0,0.9576222222222223,0.659752090414093,0.958,0.7874493927125504,0.9706111111111111,0.1111111111111111,0.9316651759081692,0.9,0.5777722955470574,163000.0,1.1432504E7,15.0,350199.53333333327,441.6449554412292,727969.6000000001,49639.080106591115,517.0,37.48523518857601,258.99999999999994,18.742617594288017,258.99999999999994,18.742617594288017,18.2,1.4735767952260146,0.0,0.0,0.0,0.0,1.0,0.0
164000.0,35.96875,6.0615759026000494E-5,164000.0,0.945425397145708,0.6367657520779733,0.941,0.7002702647781995,0.9576222222222223,0.10987791342952276,0.8837140143088511,0.8181818181818182,0.4068534297799293,164000.0,1.1520608E7,15.0,352799.86666666664,417.78666235066186,733790.9333333332,47329.941703303375,522.3333333333335,37.73340063934765,261.66666666666674,18.866700319673825,261.66666666666674,18.866700319673825,18.2,1.4735767952260146,0.0,0.0,0.0,0.0,1.0,0.0
165000.0,36.5,6.221143700208308E-5,165000.0,0.9719352704696962,0.655444337217732,0.958,0.765016560737624,0.945425397145708,0.09409190371991247,0.9344720451437034,0.9069767441860465,0.5774132569059086,165000.0,1.161044E7,15.0,355239.2,421.67899097367905,739726.4,50039.13624468637,526.8666666666667,38.46680696516463,263.93333333333334,19.233403482582315,263.93333333333334,19.233403482582315,18.26666666666667,1.4375905768565218,0.0,0.0,0.0,0.0,1.0,0.0
166000.0,37.0,6.372760531828842E-5,166000.0,0.9461710164835165,0.6336227400916546,0.95,0.7487942122186492,0.9719352704696962,0.11607142857142858,0.8976237804538513,0.8365384615384616,0.497061140398715,166000.0,1.1721408E7,15.0,357789.93333333335,426.14475519587035,747064.5333333333,51829.28332497907,531.6666666666667,38.54249355612333,266.33333333333337,19.271246778061666,266.33333333333337,19.271246778061666,18.333333333333336,1.4474937289114915,0.0,0.0,0.0,0.0,1.0,0.0
167000.0,37.5,6.525766793250416E-5,167000.0,0.9320063642562587,0.6063482698786753,0.942,0.7219585622381374,0.9461710164835165,0.11482720178372352,0.9064726080279533,0.8640776699029126,0.41671684933156605,167000.0,1.1828824E7,15.0,360700.3333333333,449.9454993451559,754160.5333333333,52821.448065111166,538.3333333333331,38.9333985648508,269.6666666666666,19.4666992824254,269.6666666666666,19.4666992824254,18.333333333333336,1.4474937289114915,0.0,0.0,0.0,0.0,1.0,0.0
168000.0,38.0,6.680267930884534E-5,168000.0,0.9744494297359317,0.6597023605741276,0.961,0.7969891935786119,0.9320063642562587,0.10741971207087486,0.9365235778986736,0.9072164948453608,0.6077351374004667,168000.0,1.1944392E7,15.0,363055.0,454.4422012596485,761802.6666666666,52146.11705400053,542.4666666666667,37.450665961400205,271.73333333333335,18.725332980700102,271.73333333333335,18.725332980700102,18.333333333333336,1.4474937289114915,0.0,0.0,0.0,0.0,1.0,0.0
169000.0,38.515625,6.841163897964481E-5,169000.0,0.9424472012362637,0.6165252833137049,0.941,0.7116099010675319,0.9744494297359317,0.11607142857142858,0.8883039811416404,0.8269230769230769,0.4067352888677331,169000.0,1.206184E7,15.0,365694.6666666667,477.99203021847063,769558.9333333335,51611.61064205093,549.9333333333333,37.56797014682031,275.46666666666664,18.783985073410154,275.46666666666664,18.783985073410154,18.333333333333336,1.4474937289114915,0.0,0.0,0.0,0.0,1.0,0.0
170000.0,39.109375,7.028210749720325E-5,170000.0,0.9515324222157604,0.6406420527447009,0.949,0.7277676950998182,0.9424472012362637,0.10497237569060773,0.8941020275067839,0.8315789473684211,0.4870429534966271,170000.0,1.2177248E7,15.0,368096.93333333335,492.24507059370643,777191.4666666667,51743.87458829812,554.3333333333333,38.17753016531858,277.66666666666663,19.08876508265929,277.66666666666663,19.08876508265929,18.400000000000002,1.4040757000349269,0.0,0.0,0.0,0.0,1.0,0.0
171000.0,39.625,7.192144972375696E-5,171000.0,0.9651705276705277,0.6716021037027806,0.962,0.817504226217919,0.9515324222157604,0.12612612612612611,0.9268458312905631,0.8839285714285714,0.618079228870342,171000.0,1.2289608E7,15.0,370472.2,477.7845001372756,784619.7333333334,51398.39080230688,559.2666666666667,39.00817985036081,280.1333333333333,19.504089925180406,280.1333333333333,19.504089925180406,18.466666666666665,1.1872336794093277,0.0,0.0,0.0,0.0,1.0,0.0
172000.0,40.171875,7.36751731407518E-5,172000.0,0.9466736683862066,0.6434329439883156,0.95,0.7617663595040927,0.9651705276705277,0.122334455667789,0.9102248922674211,0.8623853211009175,0.49775156222624506,172000.0,1.2395824E7,15.0,372917.73333333334,474.1864411308877,791635.7333333333,52665.622237263044,565.6666666666667,39.646053067228806,283.33333333333337,19.823026533614403,283.33333333333337,19.823026533614403,18.599999999999998,1.2983506020002018,0.0,0.0,0.0,0.0,1.0,0.0
173000.0,40.6875,7.53441039705649E-5,173000.0,0.9561267810410002,0.6387163414979499,0.956,0.7681403804605573,0.9466736683862066,0.10497237569060773,0.9230214491126163,0.8842105263157894,0.5579045185271223,173000.0,1.2511424E7,15.0,375391.6666666667,475.96273363522715,799282.6666666666,51410.446935377244,569.4,39.6066372504119,285.2,19.80331862520595,285.2,19.80331862520595,18.666666666666668,1.2909944487358058,0.0,0.0,0.0,0.0,1.0,0.0
174000.0,41.234375,7.712891383562236E-5,174000.0,0.9575085237392499,0.6546796890897386,0.959,0.7629235573031107,0.9561267810410002,0.09409190371991247,0.9184054256017707,0.872093023255814,0.5877253814147013,174000.0,1.2615552E7,15.0,377659.60000000003,461.70828762015054,806164.7999999999,51972.73560407831,574.7333333333333,38.83935166934739,287.8666666666667,19.419675834673694,287.8666666666667,19.419675834673694,18.8,1.37321312465119,0.0,0.0,0.0,0.0,1.0,0.0
175000.0,41.78125,7.892836147220804E-5,175000.0,0.9419890825512354,0.6365208914794049,0.957,0.7644816405223028,0.9575085237392499,0.1013215859030837,0.9164482626526902,0.8695652173913043,0.5674292940905953,175000.0,1.2719016E7,15.0,380631.5333333333,478.0575079970881,813002.6666666667,52898.787729380856,580.3333333333334,38.99206268435861,290.6666666666667,19.496031342179304,290.6666666666667,19.496031342179304,18.8,1.37321312465119,0.0,0.0,0.0,0.0,1.0,0.0
176000.0,42.390625,8.09499411843717E-5,176000.0,0.9485748626373627,0.5883148761613933,0.946,0.7197774825639319,0.9419890825512354,0.11607142857142858,0.8671213685060357,0.7788461538461539,0.4569142857142855,176000.0,1.282356E7,15.0,383353.4666666667,479.4139080565889,819914.6666666667,54236.82457343462,585.3999999999999,37.86592889958695,293.19999999999993,18.932964449793474,293.19999999999993,18.932964449793474,18.866666666666664,1.3557637102737479,0.0,0.0,0.0,0.0,1.0,0.0
177000.0,42.96875,8.288109409881549E-5,177000.0,0.9603740129296578,0.6682806145218381,0.96,0.8007471980074717,0.9485748626373627,0.11234705228031146,0.9423462144274158,0.9207920792079208,0.5977501278336453,177000.0,1.2912112E7,15.0,385379.3333333333,474.55297260634876,825765.3333333334,53619.61344064136,590.0666666666666,38.79518870513028,295.5333333333333,19.39759435256514,295.5333333333333,19.39759435256514,18.933333333333334,1.3345232785352157,0.0,0.0,0.0,0.0,1.0,0.0
178000.0,43.5625,8.488112168076138E-5,178000.0,0.9727873886289727,0.6448504419004313,0.955,0.7557692725180728,0.9603740129296578,0.1001100110011001,0.9199122077681361,0.8791208791208791,0.5472529957042729,178000.0,1.3020712E7,15.0,387707.26666666666,462.88620426109156,832939.2000000001,52404.67405980391,595.6666666666666,37.79392745377164,298.3333333333333,18.89696372688582,298.3333333333333,18.89696372688582,18.933333333333334,1.3345232785352157,0.0,0.0,0.0,0.0,1.0,0.0
179000.0,44.125,8.679160654234389E-5,179000.0,0.9588699626090569,0.6749315822888999,0.97,0.8204904201720897,0.9727873886289727,0.09529025191675794,0.9304136579237907,0.8850574712643678,0.6979582653692556,179000.0,1.3128752E7,15.0,390181.93333333335,475.54021411242576,840080.0000000001,53172.21383929228,600.7333333333333,37.093446988973795,300.8666666666667,18.546723494486898,300.8666666666667,18.546723494486898,18.933333333333334,1.3345232785352157,0.0,0.0,0.0,0.0,1.0,0.0
180000.0,44.703125,8.877128792745578E-5,180000.0,0.9675407101149676,0.6571958534264442,0.96,0.7799755772890787,0.9588699626090569,0.1001100110011001,0.9277571482235321,0.8901098901098901,0.597090095131505,180000.0,1.3236584E7,15.0,392903.26666666666,483.213124624655,847208.0000000001,51366.87715416838,605.5333333333333,37.78485461259892,303.26666666666665,18.89242730629946,303.26666666666665,18.89242730629946,19.133333333333333,1.1872336794093277,0.0,0.0,0.0,0.0,1.0,0.0
181000.0,45.28125,9.076424557456954E-5,181000.0,0.9569655052981351,0.6575401250140218,0.957,0.7848580062841474,0.9675407101149676,0.11482720178372352,0.9235593476221617,0.883495145631068,0.5669615534412725,181000.0,1.3325352E7,15.0,395412.0666666666,517.7828373620359,853074.6666666669,53042.37164847773,610.3333333333334,38.54990581175572,305.6666666666667,19.27495290587786,305.6666666666667,19.27495290587786,19.2,1.2071217242444348,0.0,0.0,0.0,0.0,1.0,0.0
182000.0,45.859375,9.277420774904184E-5,182000.0,0.944109107960611,0.6234544000731836,0.959,0.7962591186467629,0.9569655052981351,0.1273957158962796,0.8963949240617489,0.8230088495575221,0.5874156806369563,182000.0,1.3439048E7,15.0,398030.93333333335,508.803002387072,860589.3333333334,52800.586721126856,616.1999999999999,39.77651855770473,308.59999999999997,19.888259278852367,308.59999999999997,19.888259278852367,19.26666666666667,1.2798809468443686,0.0,0.0,0.0,0.0,1.0,0.0
183000.0,46.484375,9.496333708132929E-5,183000.0,0.9404340800908336,0.6196942578032978,0.95,0.740588552691653,0.944109107960611,0.11358574610244988,0.886360391643985,0.8137254901960784,0.4969210468440723,183000.0,1.3539224E7,15.0,400499.3333333334,532.6624053706306,867209.6,53092.17112693197,621.6666666666666,40.07611805171801,311.3333333333333,20.038059025859006,311.3333333333333,20.038059025859006,19.26666666666667,1.2798809468443686,0.0,0.0,0.0,0.0,1.0,0.0
184000.0,47.0625,9.700787903663393E-5,184000.0,0.9609364192604416,0.6828198233041671,0.961,0.8063362796702749,0.9404340800908336,0.11731843575418995,0.9312521927214581,0.8952380952380953,0.6077187995408077,184000.0,1.3670256E7,15.0,402856.3333333334,530.3502436620236,875869.8666666666,54085.521904621026,627.4000000000001,39.44037090523942,314.20000000000005,19.72018545261971,314.20000000000005,19.72018545261971,19.26666666666667,1.2798809468443686,0.0,0.0,0.0,0.0,1.0,0.0
185000.0,47.6875,9.924078829094976E-5,185000.0,0.9613112254621689,0.6847211564578316,0.954,0.7745783144338483,0.9609364192604416,0.10987791342952276,0.9429041643227163,0.9292929292929293,0.5372988255763371,185000.0,1.3809992E7,15.0,405446.66666666674,506.5702132502167,885106.6666666666,54622.468190645646,633.5333333333333,39.35528039841789,317.26666666666665,19.677640199208945,317.26666666666665,19.677640199208945,19.399999999999995,1.2421180068162376,0.0,0.0,0.0,0.0,1.0,0.0
186000.0,48.3125,1.01491225812222E-4,186000.0,0.9479417067307693,0.6221663489623297,0.955,0.7655175288673973,0.9613112254621689,0.11607142857142858,0.8908373445531734,0.8173076923076923,0.5474697231833904,186000.0,1.39184E7,15.0,408107.0,512.7696503165046,892273.6000000002,52852.704102736556,638.7333333333333,41.444397633915436,319.8666666666667,20.722198816957718,319.8666666666667,20.722198816957718,19.399999999999995,1.2421180068162376,0.0,0.0,0.0,0.0,1.0,0.0
187000.0,48.921875,1.0370350769436403E-4,187000.0,0.9592980070753232,0.6827537134691563,0.954,0.7517458741243644,0.9479417067307693,0.09529025191675794,0.9382221780226472,0.9195402298850575,0.5371038045525475,187000.0,1.4033248E7,15.0,410316.26666666666,515.4448102182761,899866.1333333333,54524.79169524193,643.5333333333334,39.95330607930545,322.2666666666667,19.976653039652724,322.2666666666667,19.976653039652724,19.399999999999995,1.2421180068162376,0.0,0.0,0.0,0.0,1.0,0.0
188000.0,49.484375,1.0576106934523625E-4,188000.0,0.9346798973556978,0.6145796260440529,0.958,0.7707348493946304,0.9592980070753232,0.11234705228031146,0.8845080164793323,0.801980198019802,0.5773924213230569,188000.0,1.4139456E7,15.0,413168.8666666667,519.8746918614919,906883.2000000001,55719.27086385822,649.8,40.993379256376805,325.4,20.496689628188403,325.4,20.496689628188403,19.46666666666666,1.2459458063579465,0.0,0.0,0.0,0.0,1.0,0.0
189000.0,50.0625,1.0789650511772683E-4,189000.0,0.9448095376562954,0.6192424994290526,0.949,0.7253930648287743,0.9346798973556978,0.10497237569060773,0.888935574361231,0.8210526315789474,0.48671388252835546,189000.0,1.4277992E7,15.0,416055.2,523.520118319925,916044.2666666667,55771.524766505645,655.4,40.646208749578186,328.2,20.323104374789093,328.2,20.323104374789093,19.533333333333335,1.3020130933435712,0.0,0.0,0.0,0.0,1.0,0.0
190000.0,50.671875,1.1016691287901874E-4,190000.0,0.9315876642609315,0.6048953802134547,0.948,0.7139682504758024,0.9448095376562954,0.1001100110011001,0.8896826386278376,0.8241758241758241,0.4764175940646526,190000.0,1.440196E7,15.0,418660.6666666666,525.8585723321803,924248.5333333334,54834.847436730604,659.8,40.965490703413145,330.4,20.482745351706573,330.4,20.482745351706573,19.533333333333335,1.3020130933435712,0.0,0.0,0.0,0.0,1.0,0.0
191000.0,51.296875,1.1251309553497575E-4,191000.0,0.9536008105816144,0.6415550074514248,0.953,0.7571912712845097,0.9315876642609315,0.11234705228031146,0.9014233273119749,0.8415841584158416,0.5268040693690366,191000.0,1.451056E7,15.0,421157.0,524.4388838150286,931425.6,54366.69326605872,665.4,41.16309026300139,333.2,20.581545131500697,333.2,20.581545131500697,19.599999999999998,1.2421180068162379,0.0,0.0,0.0,0.0,1.0,0.0
192000.0,51.9375,1.1494336902008703E-4,192000.0,0.9315225789835165,0.6075751182533229,0.948,0.7345205031857538,0.9536008105816144,0.11607142857142858,0.8825226081218281,0.8076923076923077,0.4765923984272604,192000.0,1.466404E7,15.0,423848.7333333334,532.3796264571396,941575.9999999998,55536.27468343813,671.4,41.529335586856114,336.2,20.764667793428057,336.2,20.764667793428057,19.599999999999998,1.2421180068162379,0.0,0.0,0.0,0.0,1.0,0.0
193000.0,52.546875,1.1727132630767302E-4,193000.0,0.9394484167517876,0.637690319133691,0.958,0.7871909201459261,0.9315225789835165,0.12359550561797752,0.8932844446651327,0.8181818181818182,0.5774824081313523,193000.0,1.4767016E7,15.0,426130.4,525.5936507553033,948387.2,55918.0339568551,675.5333333333333,41.15799985884825,338.26666666666665,20.578999929424125,338.26666666666665,20.578999929424125,19.666666666666668,1.2344267996967353,0.0,0.0,0.0,0.0,1.0,0.0
194000.0,53.171875,1.1967300544104851E-4,194000.0,0.9382005421188685,0.6073958337498466,0.958,0.7820152174138699,0.9394484167517876,0.11982082866741321,0.8905351899931713,0.8130841121495327,0.577648766328011,194000.0,1.4853792E7,15.0,428967.1333333333,533.80786627329,954121.0666666668,56916.545291538976,681.1333333333333,41.75073423933773,341.06666666666666,20.875367119668866,341.06666666666666,20.875367119668866,19.666666666666668,1.2344267996967353,0.0,0.0,0.0,0.0,1.0,0.0
195000.0,53.828125,1.222187879223687E-4,195000.0,0.9392319577352473,0.6188763415308342,0.951,0.7218564097906541,0.9382005421188685,0.09649122807017543,0.8936550888697714,0.8295454545454546,0.5069659442724455,195000.0,1.4995272E7,15.0,431871.2,521.5621042324964,963477.8666666665,57536.55811477815,686.6,42.68957718225844,343.8,21.34478859112922,343.8,21.34478859112922,19.666666666666668,1.2344267996967353,0.0,0.0,0.0,0.0,1.0,0.0
196000.0,54.46875,1.2471652418349146E-4,196000.0,0.9612758382485785,0.6511593322172042,0.968,0.800727345190056,0.9392319577352473,0.08932461873638345,0.925746302785485,0.8780487804878049,0.6777309629020654,196000.0,1.5071104E7,15.0,434230.0666666667,521.4491437559426,968487.4666666666,58326.283139234045,690.8666666666667,41.66853329152187,345.93333333333334,20.834266645760934,345.93333333333334,20.834266645760934,19.73333333333333,1.222799286570816,0.0,0.0,0.0,0.0,1.0,0.0
197000.0,55.09375,1.271702034541199E-4,197000.0,0.9616600159616919,0.6463546553911209,0.948,0.7486830022715187,0.9612758382485785,0.11731843575418995,0.9109718141537066,0.8666666666666667,0.47646547758981894,197000.0,1.51754E7,15.0,436838.93333333335,541.9379862607708,975386.1333333333,57440.89696606998,695.1333333333333,41.93509724505692,348.06666666666666,20.96754862252846,348.06666666666666,20.96754862252846,19.73333333333333,1.222799286570816,0.0,0.0,0.0,0.0,1.0,0.0
198000.0,55.75,1.2976526473519498E-4,198000.0,0.9553982773586166,0.6541130057500728,0.945,0.7579267970634318,0.9616600159616919,0.13507377979568672,0.9095220308452937,0.865546218487395,0.44681499542822256,198000.0,1.5285536E7,15.0,439257.66666666674,511.4515291468527,982666.6666666666,55515.66649754525,700.4666666666667,41.20656443312099,350.73333333333335,20.603282216560494,350.73333333333335,20.603282216560494,19.73333333333333,1.222799286570816,0.0,0.0,0.0,0.0,1.0,0.0
199000.0,56.390625,1.323107604467724E-4,199000.0,0.9494708091498805,0.6380184110792069,0.955,0.7616272910265917,0.9553982773586166,0.11234705228031146,0.8928052921336098,0.8217821782178217,0.5474301308940207,199000.0,1.535928E7,15.0,441580.5333333334,496.68973739960205,987537.0666666667,56109.97086776068,705.5333333333334,42.240580804087735,353.2666666666667,21.120290402043867,353.2666666666667,21.120290402043867,19.73333333333333,1.222799286570816,0.0,0.0,0.0,0.0,1.0,0.0
200000.0,57.09375,1.351271293889214E-4,200000.0,0.9548750699709938,0.6469355041535595,0.966,0.7924703354655986,0.9494708091498805,0.09409190371991247,0.910677980967243,0.8488372093023255,0.6578272027373822,200000.0,1.5483152E7,15.0,443999.33333333343,477.7077209619385,995724.2666666667,56568.610689607536,711.2666666666667,43.186417617888466,356.1333333333333,21.593208808944233,356.1333333333333,21.593208808944233,19.73333333333333,1.222799286570816,0.0,0.0,0.0,0.0,1.0,0.0
